h,d,ratio,N,max_radius,lambda_min,lambda_max,gram_min
0.15,0.22499999999999998,1.5,13,3.3,1.2020901345911073e-05,2.6500432613200235,0.2963914484250341
0.15,0.22499999999999998,1.5,11,2.85,1.3382205860729047e-05,2.2395794885298432,0.29807203396496956
0.15,0.22499999999999998,1.5,9,2.4,1.532010677324753e-05,1.8212637202854816,0.300848710943489
0.15,0.3,2.0,11,3.6,1.6297077963967093e-05,0.7976268334214369,0.4333686114465404
0.12,0.18,1.5,13,2.64,1.8329182639493322e-05,2.533371946608137,0.2963914484250341
0.12,0.24,2.0,13,3.36,2.164559229904722e-05,1.3941868300047628,0.4329399406897425
0.15,0.3,2.0,9,3.0,2.2326436069984036e-05,0.6465528484295847,0.4340766738272033
0.12,0.3,2.5,11,3.48,2.7532791405343707e-05,1.0913912360280578,0.47283992939153086
0.15,0.375,2.5,9,3.6,3.458117670749645e-05,0.6311188368219568,0.47294037652222426
0.15,0.22499999999999998,1.5,7,1.9499999999999997,3.68361983043163e-05,1.3995162579755114,0.3059258104747812
0.12,0.18,1.5,11,2.28,6.637797489781655e-05,1.9257092690754345,0.29807203396496956
0.15,0.375,2.5,7,2.85,7.177596013095904e-05,0.5147658207500256,0.47312396607971624
0.15,0.44999999999999996,3.0,7,3.3,7.343998933949826e-05,0.9026706337364927,0.47899846050299455
0.12,0.24,2.0,11,2.88,0.00011532298937250049,1.2964237204932378,0.4333686114465404
0.12,0.36,3.0,9,3.36,0.0002825117266546901,1.2023274160450517,0.47898767598562075
0.12,0.3,2.5,9,2.88,0.0003039823545625377,0.8997531263586249,0.47294037652222426
0.15,0.3,2.0,7,2.4,0.00033604198313653044,0.5585035421320222,0.4353708159121496
0.12,0.24,2.0,9,2.4,0.00043590671342796575,1.255136629846485,0.4340766738272033
0.15,0.525,3.5,7,3.7500000000000004,0.00044341461183085594,0.5618390007640031,0.47936221515516003
0.1,0.2,2.0,13,2.8000000000000003,0.0004873770421913003,1.8686826889845127,0.4329399406897425
0.1,0.25,2.5,13,3.4,0.000622788072981369,1.658662600596306,0.472779117309561
0.15,0.6,4.0,5,3.0,0.0006637990317548045,0.41814268687338607,0.47936507936507927
0.15,0.525,3.5,5,2.7,0.0007414716936946292,0.3977193545124555,0.47936239451444174
0.1,0.4,4.0,9,3.6,0.0008468225762384195,1.1679145920379468,0.47936507936507927
0.1,0.2,2.0,11,2.4,0.0009245159033074128,1.480689816336082,0.4333686114465404
0.1,0.30000000000000004,3.0,11,3.4000000000000004,0.0011021183915772663,1.2452757827995593,0.4789817754657822
0.12,0.36,3.0,7,2.64,0.0011745316314115495,0.942842660763181,0.47899846050299455
0.12,0.48,4.0,7,3.36,0.0015582387116840708,0.8169725815494561,0.47936507936507927
0.1,0.2,2.0,9,2.0,0.001580261623601026,1.173756638057524,0.4340766738272033
0.15,0.44999999999999996,3.0,5,2.4,0.0016145101410776107,0.6536357960156907,0.4790214184905831
0.1,0.15000000000000002,1.5,13,2.2,0.001960094768239886,1.9039389914968416,0.2963914484250341
0.1,0.35000000000000003,3.5,9,3.2,0.002231320500919418,1.3778181096772928,0.47936213090111635
0.12,0.24,2.0,7,1.92,0.0023944287707317905,1.1291074859015962,0.4353708159121496
0.1,0.30000000000000004,3.0,9,2.8000000000000003,0.0025387776036179515,1.0241495876459155,0.47898767598562075
0.08,0.2,2.5,13,2.72,0.0026004273065446106,1.8189416406045569,0.472779117309561
0.12,0.18,1.5,9,1.92,0.002640497672801107,1.8053135777496565,0.300848710943489
0.12,0.18,1.5,7,1.56,0.003255927883884361,1.405838148611511,0.3059258104747812
0.15,0.3,2.0,5,1.7999999999999998,0.003278445055283883,0.4019199918648315,0.43812577442295264
0.08,0.28,3.5,13,3.68,0.0035555838410656244,1.8757347379203135,0.4793620568950511
0.08,0.12,1.5,13,1.76,0.003916656969769742,1.983683037742586,0.2963914484250341
0.08,0.16,2.0,13,2.2399999999999998,0.003955917028527799,2.400948641190509,0.4329399406897425
0.1,0.25,2.5,11,2.9,0.004108393795780924,1.4487075462714185,0.47283992939153086
0.12,0.36,3.0,5,1.92,0.004190955715470539,0.6327763653225558,0.4790214184905831
0.12,0.42,3.5,7,3.0,0.004349704858437211,0.855645961302623,0.47936221515516003
0.1,0.15000000000000002,1.5,11,1.9000000000000004,0.004585958344856333,1.787118543432674,0.29807203396496956
0.15,0.22499999999999998,1.5,5,1.5,0.004990974713645137,0.9711174622889389,0.31674154879056965
0.12,0.48,4.0,5,2.4,0.0051053978760070865,0.6378448953361819,0.47936507936507927
0.08,0.12,1.5,11,1.52,0.0051762555934657005,1.8614275473637432,0.29807203396496956
0.1,0.15000000000000002,1.5,9,1.6,0.005241344532971365,1.6765847492451875,0.300848710943489
0.12,0.3,2.5,7,2.28,0.005253464251271059,0.7831125468420241,0.47312396607971624
0.06,0.09,1.5,13,1.32,0.005430231985511172,2.0248644374528597,0.2963914484250341
0.06,0.09,1.5,11,1.14,0.005599576170278648,1.8234917633313472,0.29807203396496956
0.08,0.12,1.5,9,1.28,0.005710051738118459,1.6232099092639192,0.300848710943489
0.1,0.15000000000000002,1.5,7,1.3000000000000003,0.0057121233799473075,1.1077062427428106,0.3059258104747812
0.06,0.09,1.5,9,0.96,0.006088238340714837,1.705781181928052,0.300848710943489
0.08,0.12,1.5,7,1.04,0.006606589099926255,1.3962613608016101,0.3059258104747812
0.1,0.35000000000000003,3.5,7,2.5,0.006682876439529637,1.1096968705744177,0.47936221515516003
0.12,0.18,1.5,5,1.2,0.007163554529914011,0.9428809921240642,0.31674154879056965
0.06,0.09,1.5,7,0.78,0.00761325024548634,1.654021248163573,0.3059258104747812
0.1,0.15000000000000002,1.5,5,1.0,0.007746326631597033,1.057706573714383,0.31674154879056965
0.08,0.2,2.5,11,2.32,0.008022249979371612,1.5096704365822866,0.47283992939153086
0.08,0.12,1.5,5,0.8,0.008648966404845538,1.3202028248085274,0.31674154879056965
0.08,0.32,4.0,11,3.52,0.009273265770216076,1.8027665286716243,0.47936507936507927
0.08,0.16,2.0,11,1.9200000000000002,0.009394538037075094,1.819655415651432,0.4333686114465404
0.08,0.2,2.5,9,1.9200000000000002,0.011492709786962233,1.1173867541085434,0.47294037652222426
0.08,0.32,4.0,9,2.88,0.011852427838624358,1.483725054837792,0.47936507936507927
0.15,0.375,2.5,5,2.1,0.012873982711310732,0.4174526575699551,0.4735147899465777
0.1,0.4,4.0,7,2.8000000000000003,0.01439097584007485,1.001686893969399,0.47936507936507927
0.1,0.25,2.5,9,2.4,0.015001855883495433,1.1120451206010558,0.47294037652222426
0.08,0.28,3.5,11,3.12,0.017476777630834626,1.48905348804045,0.47936208480330406
0.08,0.24,3.0,13,3.1999999999999997,0.019220889424758136,1.6790506356639665,0.47897820320947565
0.08,0.28,3.5,9,2.56,0.021939908893531996,1.3828651576997832,0.47936213090111635
0.12,0.42,3.5,5,2.16,0.02360119004834069,0.7574695044121931,0.47936239451444174
0.1,0.30000000000000004,3.0,7,2.2,0.02494972427990456,0.9187918083409237,0.47899846050299455
0.1,0.35000000000000003,3.5,5,1.8000000000000003,0.026136769775032685,0.7789150721971193,0.47936239451444174
0.08,0.24,3.0,11,2.7199999999999998,0.02993891043499593,1.4145464489984723,0.4789817754657822
0.08,0.24,3.0,9,2.2399999999999998,0.03094442711827468,1.3870224732969754,0.47898767598562075
0.12,0.3,2.5,5,1.68,0.032212666647623824,0.5534634282551412,0.4735147899465777
0.08,0.32,4.0,7,2.2399999999999998,0.033680751708129855,1.2766346899316536,0.47936507936507927
0.1,0.25,2.5,7,1.9,0.036899553524577126,0.8741469500467243,0.47312396607971624
0.06,0.09,1.5,5,0.6,0.03838876093076424,1.6063270239715637,0.31674154879056965
0.08,0.28,3.5,7,2.0,0.041459270398641626,1.0356456047861915,0.47936221515516003
0.1,0.4,4.0,5,2.0,0.05319848033219412,0.6515400671136716,0.47936507936507927
0.1,0.2,2.0,7,1.6,0.06432360934290293,1.120608998246221,0.4353708159121496
0.08,0.24,3.0,7,1.76,0.06798723932850062,1.2734600437301338,0.47899846050299455
0.12,0.24,2.0,5,1.44,0.07172127585894286,0.9178444947707928,0.43812577442295264
0.06,0.18,3.0,13,2.4000000000000004,0.07458296776170305,2.6673077683093354,0.47897820320947565
0.06,0.18,3.0,11,2.04,0.0786485976745909,2.2409434184865256,0.4789817754657822
0.06,0.18,3.0,9,1.68,0.08635725385499565,1.8661982881828805,0.47898767598562075
0.06,0.12,2.0,13,1.68,0.08672082460346195,2.0536627763890674,0.4329399406897425
0.08,0.16,2.0,9,1.6,0.08936632892907594,1.6802613626847276,0.4340766738272033
0.06,0.12,2.0,11,1.44,0.09397657067101976,1.952730932722793,0.4333686114465404
0.1,0.2,2.0,5,1.2000000000000002,0.0950088365808153,0.9943370768598186,0.43812577442295264
0.08,0.16,2.0,7,1.28,0.09764373155204611,1.2947238699737609,0.4353708159121496
0.08,0.28,3.5,5,1.4400000000000002,0.09837292858015266,0.9319298021857642,0.47936239451444174
0.08,0.16,2.0,5,0.96,0.10816942864870864,1.0631128279747328,0.43812577442295264
0.1,0.30000000000000004,3.0,5,1.6,0.11555306468393267,0.6433355082148945,0.4790214184905831
0.06,0.12,2.0,9,1.2,0.12198491097890396,1.674721627518965,0.4340766738272033
0.06,0.12,2.0,7,0.96,0.12353009069948837,1.3889903506962074,0.4353708159121496
0.06,0.24,4.0,13,3.12,0.1254872652612862,1.9622096462008578,0.47936507936507927
0.06,0.12,2.0,5,0.72,0.12825509022452164,1.3616496413778556,0.43812577442295264
0.06,0.24,4.0,11,2.6399999999999997,0.14925963053943245,1.4968268234018336,0.47936507936507927
0.06,0.24,4.0,9,2.16,0.1546566603576465,1.4575132968962112,0.47936507936507927
0.1,0.25,2.5,5,1.4,0.1598357839085266,0.8245119812933002,0.4735147899465777
0.08,0.2,2.5,7,1.5200000000000002,0.16003258628068964,1.0695402856028426,0.47312396607971624
0.08,0.32,4.0,5,1.6,0.1852147087969644,0.9340675116439057,0.47936507936507927
0.08,0.24,3.0,5,1.28,0.20127265004127934,1.0947542476457646,0.4790214184905831
0.06,0.21,3.5,13,2.76,0.2150856051134676,1.8187351617847782,0.4793620568950511
0.06,0.15,2.5,13,2.04,0.22108251140110452,2.049864123205288,0.472779117309561
0.06,0.24,4.0,7,1.68,0.22580789443976138,1.3817853397303983,0.47936507936507927
0.06,0.18,3.0,7,1.32,0.24378797844762826,1.6081356764754462,0.47899846050299455
0.06,0.15,2.5,11,1.74,0.2605536171910276,1.751539899469831,0.47283992939153086
0.08,0.2,2.5,5,1.12,0.2729701764462881,0.978209781521779,0.4735147899465777
0.06,0.21,3.5,11,2.34,0.284377715087221,1.7462087074941608,0.47936208480330406
0.06,0.15,2.5,9,1.44,0.2943020092258391,1.5807896371157004,0.47294037652222426
0.06,0.21,3.5,9,1.92,0.2995590604450992,1.593125495408575,0.47936213090111635
0.06,0.15,2.5,7,1.14,0.2997670854654679,1.2653190966027223,0.47312396607971624
0.06,0.15,2.5,5,0.84,0.3532840644713527,1.155545075809541,0.4735147899465777
0.06,0.24,4.0,5,1.2,0.37267246170513096,1.2475608312421158,0.47936507936507927
0.06,0.21,3.5,7,1.5,0.4205727596509836,1.4474376872648707,0.47936221515516003
0.06,0.18,3.0,5,0.96,0.44711079599304904,1.166809412438544,0.4790214184905831
0.06,0.21,3.5,5,1.08,0.5691481819965503,1.1228332433560901,0.47936239451444174
