citation	doi	role
Reit & Gruenfeld 2022	10.1016/j.jesp.2022.104326	second-order respect -> deference
Prentice & Miller 1996		pluralistic ignorance
Connelly & McAbee 2024	10.1146/annurev-orgpsych-110721-022320	shared person perceptions
Mariconda et al. 2026	10.1177/00076503241271255	first/second-order reputation judgments
Dafoe et al. 2021	10.1177/0022002721995549	higher-order reputation effects
Valentino 2022	10.7758/RSF.2022.8.7.05	status consensus/dissensus
Maloney et al. 2022	10.7758/RSF.2022.8.7.04	status as deference
Hensell & Gerdes 2017	10.1177/0967010616677713	elite reintegration
Sun et al. 2024	10.1177/01461672221150238	cross-cultural hero prototypes
