event_id,node,category,disposition,finding,rh_claim
F01,RH-W-02,INVALID_COMPLETION_SPACE,REJECTED_ROUTE,裸 $L^2$ 不保證點值、prime sample 與顯式公式泛函連續，不能作為無條件完成空間。,false
F02,RH-W-10,FALSE_CAUSAL_ATTRIBUTION,NEGATIVE_RESULT_RETAINED,prime-3 七階軟啟動量太小，不能解釋既有近零模態。,false
F03,RH-W-13,GAUGE_PARAMETER,REMOVED_FROM_TRUE_PARAMETER_SPACE,整體通道縮放 $\alpha$ 是 congruence gauge，不是真正廣義譜方向。,false
F04,RH-W-13,PARAMETER_IDENTITY_MISMATCH,RED_ALERT_FIXED,M 使用量化參數而 G 使用未量化參數造成約 $-3.32\times10^{-7}$ 假負值；一致重建後為正。,false
F05,RH-W-14,OMITTED_ARCHIMEDEAN_EXTERIOR_TAIL,SUPERSEDED_AND_RECERTIFIED_BY_W15,一階導數界漏掉支撐外 $-2f(0)$ 尾。,false
F06,RH-W-16,PACKAGING_DEPENDENCY,SELF_CONTAINED_PACKAGING_RESTORED,W-15 公開包曾漏收共用模組，解壓後不能獨立重放。,false
F07,RH-W-18,LEGACY_MISSING_ARTIFACT,LEGACY_INCOMPLETE_NOT_GREENWASHED,W-06 缺少原始 2×2 interval JSON。,false
F08,RH-W-19,FLOAT_FALSE_NEGATIVE,FLOAT_SIGN_NOT_ACCEPTED_AS_CERTIFICATE,14 階 Hilbert 矩陣 exact 正定，但 double eigensolver 回傳負最小特徵值。,false
F09,RH-W-19,SELF_AUTHENTICATION_LIMIT,EXTERNAL_TRUST_ROOT_REQUIRED,若攻擊者同步控制證書、verifier、manifest 與 hash，內部一致性檢查可被串通。,false
