sigma,corrupt,suspect,suspect_correct,state_one,state_hist_ls,state_hist_rob,state_repaired,E_one,E_hist_ls,E_hist_rob,E_repaired,A_one,A_hist_ls,A_hist_rob,A_repaired,max_channel_residual,O5_residual
0.0,False,O3,True,6.583631897091557e-15,0.0,1.0325671005860945e-15,1.0325671005860945e-15,3.6857247181117796e-15,0.0,5.81956534438702e-16,5.81956534438702e-16,3.8411575833138476e-15,0.0,9.97148347449135e-16,9.97148347449135e-16,8.897085372567012e-16,3.7396067719322865e-16
0.0,False,O6,True,1.2719202621569003e-16,7.478711022714136e-13,8.326672684688674e-17,8.326672684688674e-17,0.0,6.64741894964441e-13,1.6173768733928006e-16,1.6173768733928006e-16,1.5499709441981278e-16,7.585034105476979e-13,7.749854720990639e-17,7.749854720990639e-17,1.7025053792287383e-16,4.5102810375396984e-17
0.0,False,O6,True,2.7755575615628914e-17,0.0,5.551115123125783e-17,5.551115123125783e-17,0.0,0.0,0.0,0.0,7.989150491751095e-18,0.0,7.989150491751095e-18,7.989150491751095e-18,8.093000953716523e-17,2.842512615594182e-17
0.0,False,O2,True,7.090286605797479e-15,1.1102230246251565e-16,1.1102230246251565e-16,1.1224943557150332e-10,7.564463311860548e-15,1.3270988266422015e-16,1.3270988266422015e-16,1.1061965914534737e-10,1.0715149084781362e-14,1.322454847124191e-16,1.322454847124191e-16,1.2165583027966633e-10,1.1102230246251565e-16,5.572756979560851e-17
0.0,False,O3,True,5.551115123125783e-17,2.237726045655905e-16,3.2487068343022356e-16,1.297406170555098e-15,0.0,0.0,1.5490046592719908e-16,6.196018637087963e-16,2.4944261198721972e-17,4.9888522397443944e-17,4.022141262499581e-16,4.686601187030677e-16,3.905555678715502e-16,1.6457031883953285e-16
0.0,False,O5,True,5.551115123125783e-17,2.7755575615628914e-17,5.551115123125783e-17,5.551115123125783e-17,0.0,0.0,0.0,0.0,0.0,0.0,0.0,0.0,3.9557781533026204e-17,3.9557781533026204e-17
0.0,False,O4,True,1.1710090180710446e-15,1.3877787807814457e-16,1.1551122306821434e-15,8.326672684688674e-17,7.791487231459696e-16,2.5971624104865656e-16,5.194324820973131e-16,0.0,6.463762321677152e-16,1.959403931659174e-16,6.011176858369889e-16,4.7522525726360603e-17,7.733987926536126e-16,2.0231665736983934e-16
0.0,False,O4,True,0.0,2.284451776424273e-12,1.0517422285991458e-14,1.0517422285991458e-14,0.0,4.1904512732795224e-13,6.074914567772089e-15,6.074914567772089e-15,0.0,1.2621031516505856e-12,1.0239410387640165e-14,1.0239410387640165e-14,1.2662703814428303e-14,4.504798815155357e-15
0.0,False,O4,True,2.579614605728646e-13,1.1102230246251565e-16,2.0206364052201327e-15,2.0206364052201327e-15,2.783066757194782e-13,1.7275398865268668e-16,2.245801852484927e-15,2.245801852484927e-15,2.701544831740815e-13,1.4029818016039373e-16,2.1791428405939314e-15,2.1791428405939314e-15,2.828027060988625e-15,1.0164946705043525e-15
0.0,False,O6,True,0.0,5.551115123125783e-17,4.585973723508303e-16,1.7353729014974224e-13,0.0,0.0,0.0,9.597973120812559e-14,0.0,0.0,1.6845456026435473e-16,8.596928957120106e-14,4.1027585493109925e-16,1.5484775686984001e-16
0.0,False,O4,True,2.391654643720554e-16,4.2149853429960006e-12,2.391654643720554e-16,2.5256048732552217e-15,2.2642256716605775e-16,3.0445910493983956e-12,1.1321128358302887e-16,1.6981692537454332e-15,2.1900201808092406e-16,3.998697997801986e-12,0.0,1.609548711189675e-15,2.0490308144984482e-16,1.035035521885795e-16
0.0,False,O6,True,2.427842058942798e-13,1.1102230246251565e-16,4.368669689606373e-11,8.400361489980555e-16,2.1764252857333804e-13,0.0,2.6640752040202137e-11,3.4382705935756405e-16,1.9907656957607407e-13,1.3753905496136116e-16,3.988889755408894e-11,3.703352391922302e-16,4.3992900723627586e-11,2.1230728961850612e-11
0.0,True,O5,True,0.05811068410665662,0.06999164441029648,0.013787034214328179,3.510833468576701e-16,0.006882307910722231,0.0063329287644116215,0.0013986202413228583,1.3001857034212838e-16,0.009098555204058651,0.009591260912774568,0.001833927509212619,4.15816638329647e-16,0.3108534794073189,0.3108534794073189
0.0,True,O5,True,0.11620373078351685,0.03857860330188424,0.008073332469215854,1.079445702105406e-14,0.02475292018048687,0.007028587528477895,0.0013422007548977502,7.538915175579749e-15,0.05127122513412709,0.0122928134350011,0.002542091929616027,8.790823260359826e-15,0.315492335390708,0.315492335390708
0.0,True,O5,True,0.06232904862279738,0.028855721592997565,0.005969804467220685,2.220446049250313e-16,0.05876563712437203,0.009260533493972435,0.0017134521517109004,0.0,0.06038337706984594,0.020775070382725514,0.0036406051668602516,0.0,0.31435024588542976,0.31435024588542976
0.0,True,O5,True,0.10317282697448642,0.011910768700181104,0.0031339269458633863,4.453364592678439e-15,0.003017382738067904,0.0016530783880691709,0.0002627656477907279,1.0327272367628172e-15,0.06496997555565069,0.0022130531563849263,0.0004332874895820288,1.4213182694868538e-15,0.31663821504770967,0.31663821504770967
0.0,True,O5,True,0.16467760668044146,0.048179878131237926,0.007745424180036827,5.28085841456928e-16,0.015213312373832642,0.008350091679089941,0.001702196461838948,9.174199385481364e-16,0.015257825014161562,0.03645780942303928,0.006499306818771403,9.265897570927156e-16,0.3150094042421864,0.3150094042421864
0.0,True,O5,True,0.12764027055975893,0.022527680401891792,0.004179955206041808,9.678797148857333e-12,0.07560603422686814,0.0054630235188887965,0.0007307920916150234,4.531232291691486e-12,0.10952544199033237,0.014389205911103797,0.002453321566270153,3.981274568429195e-12,0.3159260997080693,0.3159260997080693
0.0,True,O5,True,0.20763316923533948,0.12376797770782652,0.02261283268608716,3.925231146709438e-17,0.01678908853737765,0.00037138915963229346,0.00043486172706516516,0.0,0.019355218919519877,0.0092353889929281,0.002657048922501699,6.156350832564111e-18,0.31062196299276074,0.31062196299276074
0.0,True,O5,True,0.11332836019336777,0.06311295952689666,0.01011850050980258,1.7199501139797033e-15,0.07009028363738926,0.001497104811106531,7.865716362128545e-05,1.4327668924764076e-16,0.08262132380006555,0.01422209952169253,0.0018412382947028902,5.141706811204652e-16,0.31505036346557186,0.31505036346557186
0.0,True,O5,True,0.22798755007689353,0.05230454303466399,0.009150815565676457,6.512981696685438e-14,0.39568337938597514,0.031659297076729175,0.0054753208115473915,1.0521273685292752e-13,0.4228538215103468,0.028886695659924813,0.0056217935043128345,9.787724502072432e-14,0.31502671918585906,0.31502671918585906
0.0,True,O5,True,0.1036732104982618,0.030492573388105966,0.006143451521427253,0.0,0.08628411320100732,0.00921333878132511,0.0017078376605221331,0.0,0.09821629406105481,0.016344725665090123,0.0032209703934061996,0.0,0.3144732834674802,0.3144732834674802
0.0,True,O5,True,0.14815068663869696,0.08679856084139938,0.018456729642818106,1.2412670766236366e-16,0.04235260213449566,0.004351023789528023,0.0006892960091007845,0.0,0.07344947653777417,0.02828470910230498,0.004515040763233224,5.87368122326894e-17,0.31096815247140563,0.31096815247140563
0.0,True,O5,True,0.13259004357290943,0.04962705367640272,0.009476243783446697,1.6653345369377348e-16,0.0003391944677380275,0.005396670499310737,0.0005827636679539602,1.6991116864378283e-16,0.014055919022588802,0.026055671275691833,0.005065357448207231,2.1419195468498706e-16,0.31473395982610936,0.31473395982610936
0.005,False,O2,True,0.0033738180474342083,0.0030998945870527755,0.0030935666530949196,0.0030935666727804592,0.0018923248904001682,0.0014018721330324724,0.0013999616021349512,0.0013999616052868778,0.0023445551448098897,0.0015205949487338848,0.001520574176469148,0.0015205741683278783,0.005766878759237283,0.004953326179723785
0.005,False,O3,True,0.003600769531536529,0.0034236271665431615,0.003415095388974376,0.003415095388974376,0.0009268296668166392,0.0005698080399528955,0.0005647902770100495,0.0005647902770100495,0.0015717370824051154,0.0016411523644150855,0.001637335564484959,0.001637335564484959,0.006651229595758928,0.003847043586233448
0.005,False,O5,True,0.002232717263628835,0.0007430847273300288,0.0007441930342699264,0.0007441930308682019,0.001739085442268222,0.0007409132809502318,0.0007417942187788324,0.0007417942221978576,0.0022211630972797033,0.0007919175968385244,0.0007935093027926538,0.0007935093108417977,0.00487356257090911,0.00487356257090911
0.005,False,O4,True,0.00226435564487227,0.00497430022977214,0.004960510813878152,0.004960510582567476,0.000533648465617406,0.0005668294969056725,0.0005683813420273119,0.0005683813340578033,0.0011422925987807898,0.0015108877643975438,0.0015171620153981644,0.0015171621240482494,0.00657170609000722,0.003395776034832547
0.005,False,O3,True,0.0037973525392965813,0.003452012500807917,0.0034527921604899574,0.0034527921129658356,0.001784962952984686,0.0016396457143243778,0.001641650063732018,0.001641650078739602,0.0010786223103415036,0.0012513297394829235,0.0012496946697952394,0.0012496946729034957,0.005279325725296264,0.004265961303176084
0.005,False,O2,True,0.008905500500921313,0.004251797356901294,0.004256771284479563,0.004256771268623217,0.0005228906568852507,0.0002890232385104131,0.00029275426274024086,0.00029275415879923916,0.005914467067468541,0.0002044947115319672,0.00020451332243338018,0.0002045132946376087,0.006518189957434244,0.005678628026200881
0.005,False,O1,True,0.003616410336549913,0.0011566348936287115,0.0011616876441044287,0.0011616876371304081,0.0004212799601892469,0.0008371822620215745,0.0008409510614605014,0.000840951062138024,0.0005125018586157746,0.001045669629098304,0.001047701535276568,0.0010477015296656855,0.00678421482407753,0.00469009776067076
0.005,False,O2,True,0.006102443854722644,0.002874325959122893,0.0028810822440001158,0.0028810817110519185,0.0018187211400942217,0.002795117197531761,0.0028124747586668417,0.002812475118727191,0.012397238672904638,0.008006903090627628,0.008040104035875182,0.008040102746595062,0.00754339250427,0.0036201859328554185
0.005,False,O2,True,1.639147191403432,0.0030866149593068355,0.0030812726903986635,0.0030812727118724468,0.2923337766789001,0.0005388295499217868,0.0005449674442607102,0.0005449674620285554,0.5879153736855901,0.0009548333069332129,0.000952556651325069,0.0009525566785083683,0.006771676987932552,0.00261498208715172
0.005,False,O6,True,0.004519701118196745,0.002451109117951981,0.00244897544003654,0.0024489756110773657,0.0016519020514464459,0.00525906033259273,0.0052351342169328465,0.005235134279966945,0.005053865621537476,0.005514757683016415,0.005503004090745719,0.00550300413659623,0.005487231315339055,0.0033729363539637142
0.005,False,O1,True,0.009023721346299097,0.0032344209018291092,0.0032302372217489824,0.003230236990510977,0.00710028984389107,0.0014782729729994502,0.0014596034485450612,0.0014596032370010157,0.006633716177947189,0.0043306755592707035,0.004315960171337879,0.0043159599310936885,0.005424552629332996,0.003925958109144278
0.005,False,O4,True,0.002153714671072374,0.001328512514470755,0.0013102048577246432,0.0013102048577246432,0.000406443330440304,0.00035984385425729353,0.000354573090698536,0.000354573090698536,0.001018622154975409,0.00040222948020876483,0.00039765950906194507,0.00039765950906194507,0.005375912793090327,0.004820741415059593
0.005,True,O5,True,0.03766938092419541,0.047088098929925444,0.008954487827056754,0.001005529188192228,0.00850553120020993,0.0071427420037388474,0.0010487586224392402,0.00023317573082787097,0.013640398873835167,0.013429283028851722,0.002386725914922546,0.00023470142213189078,0.31161699435701634,0.31161699435701634
0.005,True,O5,True,0.06837714131328138,0.016507245056296097,0.0019005365376273454,0.0006420985656439946,0.051311463628462194,0.0003564990378140326,0.000282874214704064,0.00024126377325804326,0.08221602736236024,0.005589596901880642,0.0012226735495299722,0.00025594382461533523,0.31627998887907627,0.31627998887907627
0.005,True,O5,True,0.15765937807902886,0.05927508340546738,0.011061715267731892,0.002524184154027063,0.15435180513969549,0.0448484560805518,0.007263927568329605,0.0002463294070831726,0.14368777241310857,0.062132656940110706,0.010145335905705913,0.0006140834294635063,0.31444446001806775,0.31444446001806775
0.005,True,O5,True,0.11037676619135497,0.06765077786245395,0.013316753507914681,0.001630481973682929,0.041048817434533584,0.02184154841704166,0.003239135857436249,0.0008995835866252494,0.10633594744589162,0.04635160090676077,0.00816844612758232,0.0008967723102260159,0.31400390231772063,0.31400390231772063
0.005,True,O5,True,0.14855386807806173,0.04989240336444401,0.011561028396676143,0.003914692710425408,0.11410671229986376,0.011222417978867293,0.003183756462857084,0.0011620263574501292,0.15435756230072642,0.014948551577708784,0.00579929796178185,0.0030576268845124883,0.3155458113201613,0.3155458113201613
0.005,True,O5,True,0.16080256684322783,0.0701408568518631,0.01593694151024059,0.005264672412262318,0.7305453079112376,0.12398398651742813,0.013077375318676322,0.0019883811454458624,0.7296541556549123,0.15077448410460367,0.017790288954816758,0.006338110821398629,0.31645726348722525,0.31645726348722525
0.005,True,O5,True,0.5208247378246725,0.08243409537597751,0.018525617207104928,0.004038488937626109,0.07177445906368071,0.0012505331185186674,0.000435181561426316,0.00026644084581008674,0.055331638632302706,0.061048913791504046,0.010981181091749014,0.0008831436871716259,0.313483115978387,0.313483115978387
0.005,True,O5,True,0.2104639329104341,0.11507372709289261,0.021463861922250447,0.0013643462863950238,0.017046311799427335,0.0052018220457759265,0.002141608753519412,0.0009929390743143025,0.015956941593791775,0.004549306396091204,0.00233532808627591,0.0008679989122701535,0.3117419347817279,0.3117419347817279
0.005,True,O5,True,0.11256513947030482,0.10122232813594058,0.01884100034610866,0.0020083463201614918,0.05690255572961104,0.007364520970572303,0.00015476221983552226,0.0013445771715078722,0.11279150813714026,0.04028806109823723,0.006426399895139968,0.001324439401857985,0.31325947971000045,0.31325947971000045
0.005,True,O5,True,0.08817769261182085,0.027209329847302684,0.006877131283156176,0.002043561979622357,0.10133624149878746,0.015117395575986743,0.0032597991176257276,0.0006930923052643107,0.1043329372517537,0.014125318460538744,0.0031500395469658314,0.0015675723134163779,0.3149162847068283,0.3149162847068283
0.005,True,O5,True,1.0209111413567697,0.07771130752423118,0.01668239231749704,0.003165141781983722,0.07761146356813114,0.044888642972576706,0.007532435893297118,0.00010656946747631913,0.16308437163853576,0.04047873815386124,0.007435954689707525,0.00010711931462099419,0.3170352955533234,0.3170352955533234
0.005,True,O5,True,0.10261683344459105,0.06223440127607187,0.011391762098349691,0.0024675547438825058,0.06719459239627312,0.004552709615551034,0.0015672190258584071,0.0011490141510210373,0.08936660319706123,0.013636636689570566,0.002424919470700234,0.001413990454742941,0.3153003353037498,0.3153003353037498
0.02,False,O2,True,0.04366058326768572,0.007967374612400623,0.007968045055024981,0.007967995705234284,0.0004566081601769475,0.004000644720433249,0.0039286380938432595,0.003928635400051812,0.007417985759840481,0.004481724628887845,0.0045327154486645895,0.004532714614143094,0.019620045148440207,0.014992330867212545
0.02,False,O1,True,0.017975385539804527,0.011689676960103137,0.011325233257695331,0.011325232808436355,0.0043257576121819566,0.007328775363026575,0.007701690945608304,0.007701690898057503,0.010846822242998095,0.015047500895527898,0.014657709064963637,0.01465770905952267,0.02622111773083743,0.017226311776529234
0.02,False,O5,True,0.011707306731397018,0.006094775147038659,0.006602269168276604,0.00660226868905067,0.005684153973880404,0.0028903160743951294,0.0030073698606354828,0.00300736982901497,0.012468266855212197,0.007973339718548553,0.008664984068216175,0.008664986563646107,0.029772513737895506,0.029772513737895506
0.02,False,O1,True,0.030335331567689604,0.007172649762555561,0.005056461038793572,0.005056461038793572,0.02478806368008323,0.004087292324733515,0.003445675103681374,0.003445675103681374,0.0184758387918789,0.003856305947334229,0.003011647246439837,0.003011647246439837,0.033125167317933274,0.014797270713270527
0.02,False,O4,True,0.027887363575159613,0.008874449419257475,0.009183445189328444,0.009183445189328444,0.002087936104739461,0.0008455754969773282,0.0006760404823067519,0.0006760404823067519,0.004909359786682883,0.0008688669256956373,0.0006701307983689347,0.0006701307983689347,0.02261328459087667,0.018844604714165453
0.02,False,O2,True,0.007668383021940246,0.011156630596765473,0.011158421446835641,0.011158421446835641,0.006083901040218167,0.004201830574049174,0.004389380503763342,0.004389380503763342,0.006415669311033524,0.0038573834816599518,0.004018320431183491,0.004018320431183491,0.019845199651497874,0.0148292416500629
0.02,False,O5,True,0.03897656293053508,0.014340082939330413,0.013926511849630079,0.013926501403006882,0.011885496530000214,0.0025890762857367347,0.0030584077916991016,0.0030584053283057677,0.020723037475023128,0.002702794279140415,0.0031629766483689367,0.003162972750553477,0.025048888049119044,0.025048888049119044
0.02,False,O5,True,0.014449385471139912,0.011853376563749232,0.012233866662560862,0.012233866662560862,0.012574070951965725,0.0002879166052376054,6.753911583161535e-05,6.753911583161535e-05,0.015208056527263251,0.001290079136043135,0.0013148231761256597,0.0013148231761256597,0.021685769188856344,0.021685769188856344
0.02,False,O3,True,0.016732257267140456,0.008218989426533777,0.008012484510701301,0.008012484382618602,0.011466085730570667,0.0060397833543301745,0.005912074990268714,0.005912075052084579,0.018970132496252786,0.006043631727380356,0.005929335073212765,0.005929335124134336,0.024103424262915063,0.017335548162109034
0.02,False,O1,True,0.04364344097706231,0.014947456614708877,0.014596978044561431,0.014596995309527704,0.04486464591478163,0.0014509780532927143,0.002219889423473136,0.002219884620602363,0.061255632446815214,0.002957052560128055,0.007172097982980783,0.007172097281567982,0.03678808694513359,0.023072839929270037
0.02,False,O3,True,0.0376950474278464,0.02232086333491004,0.022785889040595215,0.022785879931044355,0.043290569917785265,0.03455334929880997,0.03266631865715934,0.03266632020208384,0.06556509160191569,0.034117796031733164,0.03153822439222326,0.03153822564599173,0.02174298604111848,0.01519585307679681
0.02,False,O5,True,0.03216747585388293,0.022166638705658007,0.02226326728264532,0.022263267614746323,0.019698650618005693,0.0021835832831937877,0.0021177153445279804,0.0021177152838603567,0.019801433033457997,0.025682282456019858,0.026175391731747114,0.026175392446538992,0.028512835416851283,0.028512835416851283
0.02,True,O5,True,0.11120957012817899,0.0692879007296089,0.014214370089916085,0.00640072956787226,0.02633964410764767,0.005945292331415487,0.0005485832555880927,0.0006836961154251228,0.06321530345276548,0.022856927700346856,0.0005725714972257174,0.006245095733354104,0.31475589808245463,0.31475589808245463
0.02,True,O5,True,0.1266492729916119,0.05029300749896051,0.017014056707578128,0.017541784865981645,0.7022042947318152,0.2805507863762969,0.07154936239937229,0.029707351616616435,0.7963948784494439,0.2743821014931678,0.09076077080203002,0.07514656141488345,0.32772134831468497,0.32772134831468497
0.02,True,O5,True,0.07858712211228068,0.0776149398492184,0.01988358002831541,0.012471352952485835,0.0061161645405290645,0.02043860539355368,0.0009609558281917556,0.004967293840726936,0.07669855272766368,0.06577183734027303,0.020330070644843885,0.008872973148035833,0.2992906409092745,0.2992906409092745
0.02,True,O5,True,0.1488239205091363,0.05511287907147295,0.008619696239044227,0.010537766997914077,0.06592083196400454,0.017163050929596413,0.002690710452307691,0.0003817601036572983,0.07772493772900002,0.030153944759528057,0.009692334874694897,0.005301713136478641,0.3151029210970453,0.3151029210970453
0.02,True,O5,True,0.13590786563211282,0.02598908962682318,0.0072605076136511675,0.010519197939170664,0.006756492713891524,0.0004432981987542088,0.00053236426781203,0.0007058881729233651,0.07917951758973907,0.009458924922601654,0.003917768992643542,0.0018650951248326082,0.3123483269787246,0.3123483269787246
0.02,True,O5,True,0.09452200295166385,0.06738081259362544,0.019658777436717824,0.0072803445709151695,0.04259863485647534,0.0020408202342474518,0.0014924926873828178,0.0007627606355306281,0.06581771965176408,0.002471830200733393,0.0014557299805251637,0.001520884033164135,0.29730772820326573,0.29730772820326573
0.02,True,O5,True,0.27492855085229573,0.14690940178249323,0.02626347726005643,0.025235098110511528,0.09892974414972355,0.021887905479871007,0.008223473279626631,0.01169758285315123,0.19427735459282694,0.05489245695460672,0.011394520439804347,0.0068095358322764815,0.3124636383627503,0.3124636383627503
0.02,True,O5,True,0.04693745078531241,0.03995792433027626,0.005809985842622087,0.009770209318256753,0.00940892804794801,0.009086362259244748,0.0020361664984664316,0.004604534507501285,0.030497482460717488,0.009459146258676793,0.004762477783137724,0.0062273313859634435,0.32165079670814745,0.32165079670814745
0.02,True,O5,True,0.18743141647634126,0.11169569770543679,0.032805686542780085,0.012728535855114442,0.05097685953272461,0.0014116180380698692,0.004797292666061541,0.005223704634822561,0.08206625776786686,0.04309631803338631,0.014417691175981504,0.009317393066911168,0.3102135188869777,0.3102135188869777
0.02,True,O5,True,0.32429982112086375,0.1005714893050967,0.027145332807888847,0.008322677547134493,0.1069480637298604,0.005234528394949917,0.00020091004194332146,0.003798778590427349,0.12111311476540856,0.06271431533699724,0.020961685046068452,0.009755513139300613,0.31092766135356253,0.31092766135356253
0.02,True,O5,True,0.2573168777371782,0.07810665284614719,0.020114107502310016,0.007630947169838849,0.1112315241111608,0.02800164336650782,0.008941834837309981,0.003837388986145388,0.1186339232395608,0.02140548156616938,0.009810092542042364,0.006874219407827536,0.3120074402297224,0.3120074402297224
0.02,True,O5,True,0.13671071916100333,0.04819280059091935,0.013787043977860586,0.01131377773748,0.015733296584093424,0.006333023743056178,0.0004964552204604903,0.0006968982246658872,0.01579878915135902,0.016476938447493785,0.00664548755566811,0.004201074865975603,0.3176576873944837,0.3176576873944837
0.05,False,O5,True,0.031147496589781266,0.027712908670242845,0.02746637065890106,0.027466374135804928,0.008608992188931342,0.0238965647832874,0.024608942026659614,0.024608951539446245,0.03613088808448542,0.024478651662719796,0.02532047002163355,0.025320474013519473,0.06560524297874144,0.06560524297874144
0.05,False,O4,True,0.06852234536690638,0.03305355961940603,0.02967703562543693,0.02967703356064463,0.06320597691028888,0.06468584122663826,0.07762987899288756,0.07762984929208057,0.06273580922339667,0.061158506741160544,0.07643336308145256,0.0764333335460503,0.05396779530235677,0.049915505808223085
0.05,False,O5,True,2.8814433618994544,0.016609634134360854,0.015265184506318417,0.015265175855791636,0.10432532405382267,0.005777817441658846,0.005741431541271509,0.005741430426179154,0.5048303389904908,0.0062646810308836995,0.005840182428038622,0.0058401812513395905,0.06190118030086526,0.06190118030086526
0.05,False,O1,True,0.021785436768314827,0.021822547845989162,0.024334457803485664,0.024334457803485664,0.013960871629640577,0.003915367389073818,0.004089353760936305,0.004089353760936305,0.02198997930896815,0.003969023371140248,0.004107968647052069,0.004107968647052069,0.059530658627694105,0.03256692083780195
0.05,False,O2,True,0.06757948986278477,0.017010871232249494,0.021176497448940276,0.021176497448940276,0.03426204099285144,0.004036284901146228,0.0009094698719935725,0.0009094698719935725,0.07866990618061857,0.00683224949772631,0.005603290849049575,0.005603290849049575,0.05370620536879798,0.04544256141975778
0.05,False,O3,True,0.02447626181094277,0.011186034972910878,0.015031538855852032,0.015031538855852032,0.011503673634444933,0.013480709190221082,0.013483223478217196,0.013483223478217196,0.01150041378846727,0.012749137523700315,0.012738655114692451,0.012738655114692451,0.06518254988012324,0.04593138158340967
0.05,False,O4,True,0.02475538677827005,0.012778354212312933,0.011509723993779362,0.011509723993779362,0.01271957365203596,0.0009238549151809102,7.287091497522055e-05,7.287091497522055e-05,0.017624449861165993,0.0021357302939272425,0.002635497565959793,0.002635497565959793,0.07471919711348483,0.05942770360617565
0.05,False,O2,True,0.03392511625690523,0.019527648266767034,0.013810136109412962,0.013810136109412962,0.027133229512602216,0.0076168469275473966,0.004268276650340055,0.004268276650340055,0.036363684054067695,0.009374351878529093,0.005590734709544704,0.005590734709544704,0.06158015433449003,0.038474097689813934
0.05,False,O5,True,0.05679189004623125,0.011269632188982675,0.0134366979291019,0.013436697942850573,0.027155509200653447,0.003985051808486099,0.002431476860723254,0.002431476941559104,0.034311486585957236,0.005100604577866206,0.002949045849874184,0.0029490460783400314,0.06120310345821168,0.06120310345821168
0.05,False,O4,True,0.015121911547051703,0.011698210669073754,0.01332058978165391,0.01332058583678807,0.005406262005974053,0.001435508663741979,0.002210565423317,0.0022105647451119404,0.012579874895203116,0.002346439342151447,0.0032260987906058474,0.003226099123955693,0.056728156982770075,0.04007168063199602
0.05,False,O5,True,0.08240324092136236,0.014378760000014496,0.013710639079332985,0.013710631004641505,0.026492093000188493,0.003119922330972236,0.003643581962454374,0.0036435785106628442,0.02941482407913618,0.004468164328565737,0.005698052763567037,0.005698052721455324,0.05972749417511459,0.05972749417511459
0.05,False,O3,True,0.03658786495219094,0.019385605318047786,0.02283726694291464,0.02283726694291464,0.020966381186801986,0.004196799041071617,0.004376321725727282,0.004376321725727282,0.024457116477622415,0.010050799070140797,0.006937527819844588,0.006937527819844588,0.053277308031702476,0.03554659090499297
0.05,True,O5,True,0.22548434143234516,0.05587878720037667,0.03824734293731844,0.022909092370774424,0.11901607538165251,0.01780228975206029,0.004892155414082341,0.004017099599901496,0.09733671635699084,0.020663634093831297,0.014998543780494231,0.012729503658119595,0.29115233947123287,0.29115233947123287
0.05,True,O5,True,0.06713965402346206,0.037422305208110095,0.020874968521667,0.019093126919161832,0.0015331935598028063,0.007309247392908423,0.0004119892751082675,0.004240355350983447,0.04132771971525152,0.01315320782556907,0.002672651097139987,0.0044967871381472145,0.30047128739275486,0.30047128739275486
0.05,True,O5,True,0.10972876732743331,0.11269108670563575,0.06034259372239598,0.022467083419552253,0.07668482719203715,0.0067175632177775115,0.0020471806101328535,0.005064538500139818,0.09311718686696113,0.016390916659288005,0.0015993271411675913,0.0045752541448218255,0.29971893265269184,0.29971893265269184
0.05,True,O5,True,0.14603888218511948,0.06924978851572344,0.025036563034509317,0.017199375390275877,0.04176218203176456,0.016188427378918513,0.012870091202700997,0.018998233190524145,0.05279021507272663,0.022150174392319887,0.014141678151030412,0.01931225436264455,0.31399266154739275,0.31399266154739275
0.05,True,O5,True,0.07490136407269843,0.0529547525514415,0.025907722647744897,0.03641871048475179,0.0432661641802395,0.041248913914640375,0.03165492375550479,0.05413748863047337,0.16287889447322448,0.07754745911872131,0.060330183473307916,0.07191151632984824,0.33682294905088017,0.33682294905088017
0.05,True,O5,True,0.17506975102720818,0.09471662668888967,0.04986706442547762,0.02097238680607911,0.026689287499215366,0.01353095101847861,0.010046090183617117,0.006716020731200478,0.0769939283533837,0.013558223015617443,0.010253763975239812,0.006904755902130393,0.27404003377247066,0.27404003377247066
0.05,True,O5,True,0.20374917159561687,0.08259185204835086,0.0341413144002287,0.025746211890230648,0.025725984241027604,0.026562020946745618,0.017087855787438738,0.010226289091630304,0.15136938938790762,0.07094181358655596,0.027954091916785398,0.014061167720857196,0.3265948818951224,0.3265948818951224
0.05,True,O5,True,0.21007238169727946,0.07456715202310192,0.03254560953435049,0.022274998570189296,0.029408223193047933,0.02395745505068097,0.006682226155044941,4.099352600077263e-05,0.03668354269240117,0.09008653024442902,0.0450572816106765,0.023592760733234217,0.3049710160566077,0.3049710160566077
0.05,True,O5,True,0.07129685021825116,0.04619081025606787,0.0284185613504611,0.026148528293802483,0.03675782828413845,0.022199866794725118,0.016602112703336613,0.014634749032372727,0.055590610660489155,0.035213380704133476,0.026939420044891343,0.0234992074104882,0.3178465651137149,0.3178465651137149
0.05,True,O5,True,0.12381484726032772,0.10058289297598659,0.048213037807488215,0.02138790136750658,0.024386692529585977,2.2202128379077207e-05,0.003912451930217801,0.002011739563605768,0.09036635643483246,0.021500490155651714,0.012158281864971409,0.005574929597035602,0.2761027038136382,0.2761027038136382
0.05,True,O5,True,0.29113156447817334,0.07388332212554594,0.0663658206929264,0.06068594046747611,0.5180623990045068,0.026209488804877824,0.015792380910069622,0.013151002603220318,0.5563073383094789,0.05707457194498461,0.04023358996854808,0.03605072787707769,0.2919090868422666,0.2919090868422666
0.05,True,O5,True,0.3972949425777828,0.04118887980485416,0.0225786484693034,0.017539573590225455,0.03476304303615585,0.008513485441576624,0.010383235672896745,0.01107278565438119,0.053402937107521004,0.019237958320260592,0.008365327201901359,0.011784739437058642,0.3312096446156707,0.3312096446156707
