index,t,value_midpoint,value_lower,value_upper
0,-3.0,0.0,0.0,0.0
1,-2.9899999999999998,-0.0037936914756668346,-0.0037936914756668346,-0.0037936914756668346
2,-2.98,-0.07530012852804126,-0.07530012852804126,-0.07530012852804126
3,-2.9699999999999998,-0.20204588573261992,-0.20204588573261992,-0.20204588573261992
4,-2.96,-0.3283923604648609,-0.3283923604648609,-0.3283923604648609
5,-2.9499999999999997,-0.4363390770386002,-0.4363390770386002,-0.4363390770386002
6,-2.94,-0.5236773660665249,-0.5236773660665249,-0.5236773660665249
7,-2.9299999999999997,-0.5923662332171079,-0.5923662332171079,-0.5923662332171079
8,-2.92,-0.6449734250095652,-0.6449734250095652,-0.6449734250095652
9,-2.9099999999999997,-0.6837158776298081,-0.6837158776298081,-0.6837158776298081
10,-2.9,-0.7102646775429665,-0.7102646775429665,-0.7102646775429665
11,-2.8899999999999997,-0.725757623690832,-0.725757623690832,-0.725757623690832
12,-2.88,-0.7308506388188016,-0.7308506388188016,-0.7308506388188016
13,-2.8699999999999997,-0.7257605320244661,-0.7257605320244661,-0.7257605320244661
14,-2.86,-0.7242098018159485,-0.7242098018159485,-0.7242098018159485
15,-2.8499999999999996,-0.7545628489993763,-0.7545628489993763,-0.7545628489993763
16,-2.84,-0.7851621915919837,-0.7851621915919837,-0.7851621915919837
17,-2.8299999999999996,-0.7953664886529217,-0.7953664886529217,-0.7953664886529217
18,-2.82,-0.7786563106026111,-0.7786563106026111,-0.7786563106026111
19,-2.8099999999999996,-0.7327528826820388,-0.7327528826820388,-0.7327528826820388
20,-2.8,-0.6570048628736656,-0.6570048628736656,-0.6570048628736656
21,-2.7899999999999996,-0.5549215605706408,-0.5549215605706408,-0.5549215605706408
22,-2.78,-0.4455438712575087,-0.4455438712575087,-0.4455438712575087
23,-2.7699999999999996,-0.3852585441139042,-0.3852585441139042,-0.3852585441139042
24,-2.76,-0.38701706556261706,-0.38701706556261706,-0.38701706556261706
25,-2.75,-0.38713434387952794,-0.38713434387952794,-0.38713434387952794
26,-2.7399999999999998,-0.3805993143020865,-0.3805993143020865,-0.3805993143020865
27,-2.73,-0.34104107871361966,-0.34104107871361966,-0.34104107871361966
28,-2.7199999999999998,-0.2707297914105723,-0.2707297914105723,-0.2707297914105723
29,-2.71,-0.19309486051413896,-0.19309486051413896,-0.19309486051413896
30,-2.6999999999999997,-0.11522384039649157,-0.11522384039649157,-0.11522384039649157
31,-2.69,-0.03690851830709995,-0.03690851830709995,-0.03690851830709995
32,-2.6799999999999997,0.04396721957631369,0.04396721957631369,0.04396721957631369
33,-2.67,0.12886884540357407,0.12886884540357407,0.12886884540357407
34,-2.6599999999999997,0.21478783533083176,0.21478783533083176,0.21478783533083176
35,-2.65,0.28440423715275504,0.28440423715275504,0.28440423715275504
36,-2.6399999999999997,0.3067974199802539,0.3067974199802539,0.3067974199802539
37,-2.63,0.30914812579823014,0.30914812579823014,0.30914812579823014
38,-2.6199999999999997,0.30718282717685413,0.30718282717685413,0.30718282717685413
39,-2.61,0.3180514209778226,0.3180514209778226,0.3180514209778226
40,-2.5999999999999996,0.3846006097926104,0.3846006097926104,0.3846006097926104
41,-2.59,0.4652987093041136,0.4652987093041136,0.4652987093041136
42,-2.5799999999999996,0.5316277799900044,0.5316277799900044,0.5316277799900044
43,-2.57,0.5761408239034538,0.5761408239034538,0.5761408239034538
44,-2.5599999999999996,0.5980241211917473,0.5980241211917473,0.5980241211917473
45,-2.55,0.5982263527685975,0.5982263527685975,0.5982263527685975
46,-2.5399999999999996,0.5793686457973002,0.5793686457973002,0.5793686457973002
47,-2.53,0.5500569486212709,0.5500569486212709,0.5500569486212709
48,-2.5199999999999996,0.5342086172227457,0.5342086172227457,0.5342086172227457
49,-2.51,0.540237000025416,0.540237000025416,0.540237000025416
50,-2.5,0.5407283011086331,0.5407283011086331,0.5407283011086331
51,-2.4899999999999998,0.5346034804898588,0.5346034804898588,0.5346034804898588
52,-2.48,0.5481239804431269,0.5481239804431269,0.5481239804431269
53,-2.4699999999999998,0.5805093804030864,0.5805093804030864,0.5805093804030864
54,-2.46,0.6045772613810982,0.6045772613810982,0.6045772613810982
55,-2.4499999999999997,0.6097694912617491,0.6097694912617491,0.6097694912617491
56,-2.44,0.5929804229995145,0.5929804229995145,0.5929804229995145
57,-2.4299999999999997,0.5531591036780048,0.5531591036780048,0.5531591036780048
58,-2.42,0.49081215469021255,0.49081215469021255,0.49081215469021255
59,-2.4099999999999997,0.41201566767572356,0.41201566767572356,0.41201566767572356
60,-2.4,0.34145457630695486,0.34145457630695486,0.34145457630695486
61,-2.3899999999999997,0.3244603313715944,0.3244603313715944,0.3244603313715944
62,-2.38,0.32711021663461853,0.32711021663461853,0.32711021663461853
63,-2.3699999999999997,0.32522816915755876,0.32522816915755876,0.32522816915755876
64,-2.36,0.323610531440833,0.323610531440833,0.323610531440833
65,-2.3499999999999996,0.33667382514130895,0.33667382514130895,0.33667382514130895
66,-2.34,0.35122379830288697,0.35122379830288697,0.35122379830288697
67,-2.3299999999999996,0.3570745046713087,0.3570745046713087,0.3570745046713087
68,-2.32,0.35096578882292107,0.35096578882292107,0.35096578882292107
69,-2.3099999999999996,0.3317946689546933,0.3317946689546933,0.3317946689546933
70,-2.3,0.29920299222698743,0.29920299222698743,0.29920299222698743
71,-2.2899999999999996,0.25448586682858126,0.25448586682858126,0.25448586682858126
72,-2.28,0.20519216771779147,0.20519216771779147,0.20519216771779147
73,-2.2699999999999996,0.17509463817564697,0.17509463817564697,0.17509463817564697
74,-2.26,0.1750841195595621,0.1750841195595621,0.1750841195595621
75,-2.25,0.17534960236995775,0.17534960236995775,0.17534960236995775
76,-2.2399999999999998,0.17374045543674455,0.17374045543674455,0.17374045543674455
77,-2.23,0.19138453215648316,0.19138453215648316,0.19138453215648316
78,-2.2199999999999998,0.23029986340875047,0.23029986340875047,0.23029986340875047
79,-2.21,0.26778103457202934,0.26778103457202934,0.26778103457202934
80,-2.1999999999999997,0.29522548224720235,0.29522548224720235,0.29522548224720235
81,-2.19,0.310805829328681,0.310805829328681,0.310805829328681
82,-2.1799999999999997,0.31455851505417176,0.31455851505417176,0.31455851505417176
83,-2.17,0.3072041731575755,0.3072041731575755,0.3072041731575755
84,-2.1599999999999997,0.2910999686972796,0.2910999686972796,0.2910999686972796
85,-2.15,0.27425302290994374,0.27425302290994374,0.27425302290994374
86,-2.1399999999999997,0.2718505014854667,0.2718505014854667,0.2718505014854667
87,-2.13,0.2742435665482986,0.2742435665482986,0.2742435665482986
88,-2.1199999999999997,0.2728319829888176,0.2728319829888176,0.2728319829888176
89,-2.11,0.2746659904611217,0.2746659904611217,0.2746659904611217
90,-2.0999999999999996,0.3050333523158872,0.3050333523158872,0.3050333523158872
91,-2.09,0.3435003162408054,0.3435003162408054,0.3435003162408054
92,-2.0799999999999996,0.3729250981354292,0.3729250981354292,0.3729250981354292
93,-2.07,0.3883733487132968,0.3883733487132968,0.3883733487132968
94,-2.0599999999999996,0.38887586286222353,0.38887586286222353,0.38887586286222353
95,-2.05,0.3745784138079816,0.3745784138079816,0.3745784138079816
96,-2.0399999999999996,0.3469571828875475,0.3469571828875475,0.3469571828875475
97,-2.03,0.31236509824749054,0.31236509824749054,0.31236509824749054
98,-2.0199999999999996,0.29036917934344264,0.29036917934344264,0.29036917934344264
99,-2.01,0.2922710176960384,0.2922710176960384,0.2922710176960384
100,-2.0,0.29289174941218055,0.29289174941218055,0.29289174941218055
101,-1.99,0.2893616918774772,0.2893616918774772,0.2893616918774772
102,-1.98,0.2788013054893199,0.2788013054893199,0.2788013054893199
103,-1.97,0.26026057798863855,0.26026057798863855,0.26026057798863855
104,-1.96,0.23630865377004676,0.23630865377004676,0.23630865377004676
105,-1.95,0.2073762077979315,0.2073762077979315,0.2073762077979315
106,-1.94,0.17269977438813588,0.17269977438813588,0.17269977438813588
107,-1.93,0.13117916842745728,0.13117916842745728,0.13117916842745728
108,-1.92,0.082220188884832,0.082220188884832,0.082220188884832
109,-1.91,0.02798850772223493,0.02798850772223493,0.02798850772223493
110,-1.9,-0.019976188700689325,-0.019976188700689325,-0.019976188700689325
111,-1.89,-0.03692931233241558,-0.03692931233241558,-0.03692931233241558
112,-1.88,-0.037342892645775706,-0.037342892645775706,-0.037342892645775706
113,-1.8699999999999999,-0.03717331502700316,-0.03717331502700316,-0.03717331502700316
114,-1.8599999999999999,-0.04586622213368916,-0.04586622213368916,-0.04586622213368916
115,-1.8499999999999999,-0.10350903504190385,-0.10350903504190385,-0.10350903504190385
116,-1.8399999999999999,-0.18152451604099204,-0.18152451604099204,-0.18152451604099204
117,-1.8299999999999998,-0.25342206342455365,-0.25342206342455365,-0.25342206342455365
118,-1.8199999999999998,-0.31229563452670894,-0.31229563452670894,-0.31229563452670894
119,-1.8099999999999998,-0.3578635976685589,-0.3578635976685589,-0.3578635976685589
120,-1.7999999999999998,-0.39144709603337985,-0.39144709603337985,-0.39144709603337985
121,-1.7899999999999998,-0.4146334353276111,-0.4146334353276111,-0.4146334353276111
122,-1.7799999999999998,-0.42938605944827896,-0.42938605944827896,-0.42938605944827896
123,-1.7699999999999998,-0.4391167308268468,-0.4391167308268468,-0.4391167308268468
124,-1.7599999999999998,-0.4461675774776862,-0.4461675774776862,-0.4461675774776862
125,-1.75,-0.44738652267773904,-0.44738652267773904,-0.44738652267773904
126,-1.74,-0.4427656447588301,-0.4427656447588301,-0.4427656447588301
127,-1.73,-0.4608663357933736,-0.4608663357933736,-0.4608663357933736
128,-1.72,-0.511730166147889,-0.511730166147889,-0.511730166147889
129,-1.71,-0.5594097628745982,-0.5594097628745982,-0.5594097628745982
130,-1.7,-0.5887605125587432,-0.5887605125587432,-0.5887605125587432
131,-1.69,-0.5959294582776733,-0.5959294582776733,-0.5959294582776733
132,-1.68,-0.5802224470612615,-0.5802224470612615,-0.5802224470612615
133,-1.67,-0.5423232531810065,-0.5423232531810065,-0.5423232531810065
134,-1.66,-0.4867278973626084,-0.4867278973626084,-0.4867278973626084
135,-1.65,-0.43126547114236713,-0.43126547114236713,-0.43126547114236713
136,-1.64,-0.4146276928896293,-0.4146276928896293,-0.4146276928896293
137,-1.63,-0.41865375608413385,-0.41865375608413385,-0.41865375608413385
138,-1.6199999999999999,-0.41700617903073106,-0.41700617903073106,-0.41700617903073106
139,-1.6099999999999999,-0.4072753331996333,-0.4072753331996333,-0.4072753331996333
140,-1.5999999999999999,-0.378053290581493,-0.378053290581493,-0.378053290581493
141,-1.5899999999999999,-0.33584787075145556,-0.33584787075145556,-0.33584787075145556
142,-1.5799999999999998,-0.2872358496913071,-0.2872358496913071,-0.2872358496913071
143,-1.5699999999999998,-0.2329938872966783,-0.2329938872966783,-0.2329938872966783
144,-1.5599999999999998,-0.171750669833223,-0.171750669833223,-0.171750669833223
145,-1.5499999999999998,-0.10183196129641456,-0.10183196129641456,-0.10183196129641456
146,-1.5399999999999998,-0.023235256169413427,-0.023235256169413427,-0.023235256169413427
147,-1.5299999999999998,0.05702914719427163,0.05702914719427163,0.05702914719427163
148,-1.5199999999999998,0.11235503144184468,0.11235503144184468,0.11235503144184468
149,-1.5099999999999998,0.12079889002917729,0.12079889002917729,0.12079889002917729
150,-1.5,0.12120248511058801,0.12120248511058801,0.12120248511058801
151,-1.49,0.12030762074540018,0.12030762074540018,0.12030762074540018
152,-1.48,0.15833179133446773,0.15833179133446773,0.15833179133446773
153,-1.47,0.2561989238506414,0.2561989238506414,0.2561989238506414
154,-1.46,0.36049389203119997,0.36049389203119997,0.36049389203119997
155,-1.45,0.4486089414551262,0.4486089414551262,0.4486089414551262
156,-1.44,0.5161371250606397,0.5161371250606397,0.5161371250606397
157,-1.43,0.5638604207501087,0.5638604207501087,0.5638604207501087
158,-1.42,0.5937471545571055,0.5937471545571055,0.5937471545571055
159,-1.41,0.6085885803430262,0.6085885803430262,0.6085885803430262
160,-1.4,0.6142480755015797,0.6142480755015797,0.6142480755015797
161,-1.39,0.6220775214112452,0.6220775214112452,0.6220775214112452
162,-1.38,0.6286868460620393,0.6286868460620393,0.6286868460620393
163,-1.3699999999999999,0.6265933665605865,0.6265933665605865,0.6265933665605865
164,-1.3599999999999999,0.6236724723698637,0.6236724723698637,0.6236724723698637
165,-1.3499999999999999,0.6686707210799857,0.6686707210799857,0.6686707210799857
166,-1.3399999999999999,0.732644527359871,0.732644527359871,0.732644527359871
167,-1.3299999999999998,0.7801718362958828,0.7801718362958828,0.7801718362958828
168,-1.3199999999999998,0.8001225835230462,0.8001225835230462,0.8001225835230462
169,-1.3099999999999998,0.7897992244917469,0.7897992244917469,0.7897992244917469
170,-1.2999999999999998,0.7488632898273407,0.7488632898273407,0.7488632898273407
171,-1.2899999999999998,0.6795695225941449,0.6795695225941449,0.6795695225941449
172,-1.2799999999999998,0.5937282528295924,0.5937282528295924,0.5937282528295924
173,-1.2699999999999998,0.5311937648817059,0.5311937648817059,0.5311937648817059
174,-1.2599999999999998,0.5295286588533391,0.5295286588533391,0.5295286588533391
175,-1.25,0.5316208081794203,0.5316208081794203,0.5316208081794203
176,-1.24,0.5262556160760621,0.5262556160760621,0.5262556160760621
177,-1.23,0.5072012379787195,0.5072012379787195,0.5072012379787195
178,-1.22,0.46969382974118057,0.46969382974118057,0.46969382974118057
179,-1.21,0.42142924993219216,0.42142924993219216,0.42142924993219216
180,-1.2,0.3649109274886121,0.3649109274886121,0.3649109274886121
181,-1.19,0.2991655475179747,0.2991655475179747,0.2991655475179747
182,-1.18,0.22214947546916228,0.22214947546916228,0.22214947546916228
183,-1.17,0.13240826206794404,0.13240826206794404,0.13240826206794404
184,-1.16,0.03266879907832748,0.03266879907832748,0.03266879907832748
185,-1.15,-0.05952466461145703,-0.05952466461145703,-0.05952466461145703
186,-1.14,-0.09971187175209721,-0.09971187175209721,-0.09971187175209721
187,-1.13,-0.10137485095163508,-0.10137485095163508,-0.10137485095163508
188,-1.1199999999999999,-0.10109864596621594,-0.10109864596621594,-0.10109864596621594
189,-1.1099999999999999,-0.10732400660712904,-0.10732400660712904,-0.10732400660712904
190,-1.0999999999999999,-0.1784331870897484,-0.1784331870897484,-0.1784331870897484
191,-1.0899999999999999,-0.2850021954432421,-0.2850021954432421,-0.2850021954432421
192,-1.0799999999999998,-0.3848621783424633,-0.3848621783424633,-0.3848621783424633
193,-1.0699999999999998,-0.4658690405903316,-0.4658690405903316,-0.4658690405903316
194,-1.0599999999999998,-0.5268242636913518,-0.5268242636913518,-0.5268242636913518
195,-1.0499999999999998,-0.569302749275703,-0.569302749275703,-0.569302749275703
196,-1.0399999999999998,-0.5955273404478408,-0.5955273404478408,-0.5955273404478408
197,-1.0299999999999998,-0.6088691655633799,-0.6088691655633799,-0.6088691655633799
198,-1.0199999999999998,-0.6166688738772022,-0.6166688738772022,-0.6166688738772022
199,-1.0099999999999998,-0.6262940501075889,-0.6262940501075889,-0.6262940501075889
200,-1.0,-0.6291511281447958,-0.6291511281447958,-0.6291511281447958
201,-0.99,-0.6233483818656218,-0.6233483818656218,-0.6233483818656218
202,-0.98,-0.6383815638697565,-0.6383815638697565,-0.6383815638697565
203,-0.97,-0.7005490710217093,-0.7005490710217093,-0.7005490710217093
204,-0.96,-0.762507930091385,-0.762507930091385,-0.762507930091385
205,-0.95,-0.801036298546977,-0.801036298546977,-0.801036298546977
206,-0.94,-0.8098911005153817,-0.8098911005153817,-0.8098911005153817
207,-0.9299999999999999,-0.7877245232876036,-0.7877245232876036,-0.7877245232876036
208,-0.9199999999999999,-0.735043775789461,-0.735043775789461,-0.735043775789461
209,-0.9099999999999999,-0.6568631122579881,-0.6568631122579881,-0.6568631122579881
210,-0.8999999999999999,-0.574433742774357,-0.574433742774357,-0.574433742774357
211,-0.8899999999999999,-0.5409315379847814,-0.5409315379847814,-0.5409315379847814
212,-0.8799999999999999,-0.5464901460489672,-0.5464901460489672,-0.5464901460489672
213,-0.87,-0.5453319578552323,-0.5453319578552323,-0.5453319578552323
214,-0.86,-0.5366751912750356,-0.5366751912750356,-0.5366751912750356
215,-0.85,-0.5218640521619642,-0.5218640521619642,-0.5218640521619642
216,-0.84,-0.4994381331451671,-0.4994381331451671,-0.4994381331451671
217,-0.83,-0.46700553504634446,-0.46700553504634446,-0.46700553504634446
218,-0.82,-0.42267030422292196,-0.42267030422292196,-0.42267030422292196
219,-0.8099999999999999,-0.36453238450730296,-0.36453238450730296,-0.36453238450730296
220,-0.7999999999999999,-0.2908672737261224,-0.2908672737261224,-0.2908672737261224
221,-0.7899999999999999,-0.20176239728143877,-0.20176239728143877,-0.20176239728143877
222,-0.7799999999999999,-0.10497402408242476,-0.10497402408242476,-0.10497402408242476
223,-0.7699999999999999,-0.031406941410231815,-0.031406941410231815,-0.031406941410231815
224,-0.7599999999999999,-0.01846391191268337,-0.01846391191268337,-0.01846391191268337
225,-0.75,-0.018559404836697133,-0.018559404836697133,-0.018559404836697133
226,-0.74,-0.018355708662542887,-0.018355708662542887,-0.018355708662542887
227,-0.73,0.00035201473529460206,0.00035201473529460206,0.00035201473529460206
228,-0.72,0.05832277934409996,0.05832277934409996,0.05832277934409996
229,-0.71,0.12477124692649119,0.12477124692649119,0.12477124692649119
230,-0.7,0.18436457951495344,0.18436457951495344,0.18436457951495344
231,-0.69,0.23402198722866624,0.23402198722866624,0.23402198722866624
232,-0.6799999999999999,0.27431955484082926,0.27431955484082926,0.27431955484082926
233,-0.6699999999999999,0.30656815052197234,0.30656815052197234,0.30656815052197234
234,-0.6599999999999999,0.33188870177971175,0.33188870177971175,0.33188870177971175
235,-0.6499999999999999,0.3506784347643493,0.3506784347643493,0.3506784347643493
236,-0.6399999999999999,0.36209599006663434,0.36209599006663434,0.36209599006663434
237,-0.6299999999999999,0.36671278478088826,0.36671278478088826,0.36671278478088826
238,-0.62,0.36615757427914886,0.36615757427914886,0.36615757427914886
239,-0.61,0.3627594590692354,0.3627594590692354,0.3627594590692354
240,-0.6,0.3815284427343412,0.3815284427343412,0.3815284427343412
241,-0.59,0.4129925232456952,0.4129925232456952,0.4129925232456952
242,-0.58,0.4366564008232305,0.4366564008232305,0.4366564008232305
243,-0.57,0.4455486118697176,0.4455486118697176,0.4455486118697176
244,-0.5599999999999999,0.437832680016676,0.437832680016676,0.437832680016676
245,-0.5499999999999999,0.4130886677032295,0.4130886677032295,0.4130886677032295
246,-0.5399999999999999,0.3721951562203844,0.3721951562203844,0.3721951562203844
247,-0.5299999999999999,0.32075724963381586,0.32075724963381586,0.32075724963381586
248,-0.5199999999999999,0.27917075607091485,0.27917075607091485,0.27917075607091485
249,-0.5099999999999999,0.27441832543641537,0.27441832543641537,0.27441832543641537
250,-0.5,0.27600624205509494,0.27600624205509494,0.27600624205509494
251,-0.49,0.2737433296509078,0.2737433296509078,0.2737433296509078
252,-0.48,0.2645560339921363,0.2645560339921363,0.2645560339921363
253,-0.47,0.24398347711019144,0.24398347711019144,0.24398347711019144
254,-0.45999999999999996,0.21707317027314324,0.21707317027314324,0.21707317027314324
255,-0.44999999999999996,0.18610844962222844,0.18610844962222844,0.18610844962222844
256,-0.43999999999999995,0.1508565983204202,0.1508565983204202,0.1508565983204202
257,-0.43,0.1102673329436155,0.1102673329436155,0.1102673329436155
258,-0.42,0.063432820457524,0.063432820457524,0.063432820457524
259,-0.41,0.01124240837913306,0.01124240837913306,0.01124240837913306
260,-0.39999999999999997,-0.038764767017043913,-0.038764767017043913,-0.038764767017043913
261,-0.38999999999999996,-0.06462933163886303,-0.06462933163886303,-0.06462933163886303
262,-0.37999999999999995,-0.06630801056451546,-0.06630801056451546,-0.06630801056451546
263,-0.37,-0.06624776367647663,-0.06624776367647663,-0.06624776367647663
264,-0.36,-0.06689891414545694,-0.06689891414545694,-0.06689891414545694
265,-0.35,-0.0903605819098624,-0.0903605819098624,-0.0903605819098624
266,-0.33999999999999997,-0.13038232103433037,-0.13038232103433037,-0.13038232103433037
267,-0.32999999999999996,-0.168601355318335,-0.168601355318335,-0.168601355318335
268,-0.31999999999999995,-0.19914520281736103,-0.19914520281736103,-0.19914520281736103
269,-0.31,-0.22115683341656273,-0.22115683341656273,-0.22115683341656273
270,-0.3,-0.23509934323084433,-0.23509934323084433,-0.23509934323084433
271,-0.29,-0.241804542621491,-0.241804542621491,-0.241804542621491
272,-0.27999999999999997,-0.24281237749973344,-0.24281237749973344,-0.24281237749973344
273,-0.26999999999999996,-0.24209027124236415,-0.24209027124236415,-0.24209027124236415
274,-0.25999999999999995,-0.24504977190751492,-0.24504977190751492,-0.24504977190751492
275,-0.25,-0.2466183421038325,-0.2466183421038325,-0.2466183421038325
276,-0.24,-0.24475332341864223,-0.24475332341864223,-0.24475332341864223
277,-0.22999999999999998,-0.2462268986382008,-0.2462268986382008,-0.2462268986382008
278,-0.21999999999999997,-0.2626016597766751,-0.2626016597766751,-0.2626016597766751
279,-0.21,-0.279715522378561,-0.279715522378561,-0.279715522378561
280,-0.19999999999999998,-0.28908904589315365,-0.28908904589315365,-0.28908904589315365
281,-0.18999999999999997,-0.28823260385853505,-0.28823260385853505,-0.28823260385853505
282,-0.18,-0.2764445413662417,-0.2764445413662417,-0.2764445413662417
283,-0.16999999999999998,-0.25366793310635294,-0.25366793310635294,-0.25366793310635294
284,-0.15999999999999998,-0.2213336752370166,-0.2213336752370166,-0.2213336752370166
285,-0.15,-0.18636608893118708,-0.18636608893118708,-0.18636608893118708
286,-0.13999999999999999,-0.16836520770368013,-0.16836520770368013,-0.16836520770368013
287,-0.12999999999999998,-0.16971923833699823,-0.16971923833699823,-0.16971923833699823
288,-0.12,-0.16966782366161695,-0.16966782366161695,-0.16966782366161695
289,-0.10999999999999999,-0.1676923348000091,-0.1676923348000091,-0.1676923348000091
290,-0.09999999999999999,-0.17141696210326604,-0.17141696210326604,-0.17141696210326604
291,-0.09,-0.17912429283324277,-0.17912429283324277,-0.17912429283324277
292,-0.07999999999999999,-0.18376055122746132,-0.18376055122746132,-0.18376055122746132
293,-0.06999999999999999,-0.18269365791720077,-0.18269365791720077,-0.18269365791720077
294,-0.06,-0.1750864221697718,-0.1750864221697718,-0.1750864221697718
295,-0.049999999999999996,-0.16060237725567716,-0.16060237725567716,-0.16060237725567716
296,-0.039999999999999994,-0.1394252364916736,-0.1394252364916736,-0.1394252364916736
297,-0.03,-0.1137091989037553,-0.1137091989037553,-0.1137091989037553
298,-0.019999999999999997,-0.09197280839635075,-0.09197280839635075,-0.09197280839635075
299,-0.009999999999999998,-0.08773339902870654,-0.08773339902870654,-0.08773339902870654
300,0.0,-0.08975741774795541,-0.08975741774795541,-0.08975741774795541
301,0.009999999999999998,-0.08773339902870654,-0.08773339902870654,-0.08773339902870654
302,0.019999999999999997,-0.09197280839635075,-0.09197280839635075,-0.09197280839635075
303,0.03,-0.1137091989037553,-0.1137091989037553,-0.1137091989037553
304,0.039999999999999994,-0.1394252364916736,-0.1394252364916736,-0.1394252364916736
305,0.049999999999999996,-0.16060237725567716,-0.16060237725567716,-0.16060237725567716
306,0.06,-0.1750864221697718,-0.1750864221697718,-0.1750864221697718
307,0.06999999999999999,-0.18269365791720077,-0.18269365791720077,-0.18269365791720077
308,0.07999999999999999,-0.18376055122746132,-0.18376055122746132,-0.18376055122746132
309,0.09,-0.17912429283324277,-0.17912429283324277,-0.17912429283324277
310,0.09999999999999999,-0.17141696210326604,-0.17141696210326604,-0.17141696210326604
311,0.10999999999999999,-0.1676923348000091,-0.1676923348000091,-0.1676923348000091
312,0.12,-0.16966782366161695,-0.16966782366161695,-0.16966782366161695
313,0.12999999999999998,-0.16971923833699823,-0.16971923833699823,-0.16971923833699823
314,0.13999999999999999,-0.16836520770368013,-0.16836520770368013,-0.16836520770368013
315,0.15,-0.18636608893118708,-0.18636608893118708,-0.18636608893118708
316,0.15999999999999998,-0.2213336752370166,-0.2213336752370166,-0.2213336752370166
317,0.16999999999999998,-0.25366793310635294,-0.25366793310635294,-0.25366793310635294
318,0.18,-0.2764445413662417,-0.2764445413662417,-0.2764445413662417
319,0.18999999999999997,-0.28823260385853505,-0.28823260385853505,-0.28823260385853505
320,0.19999999999999998,-0.28908904589315365,-0.28908904589315365,-0.28908904589315365
321,0.21,-0.279715522378561,-0.279715522378561,-0.279715522378561
322,0.21999999999999997,-0.2626016597766751,-0.2626016597766751,-0.2626016597766751
323,0.22999999999999998,-0.2462268986382008,-0.2462268986382008,-0.2462268986382008
324,0.24,-0.24475332341864223,-0.24475332341864223,-0.24475332341864223
325,0.25,-0.2466183421038325,-0.2466183421038325,-0.2466183421038325
326,0.25999999999999995,-0.24504977190751492,-0.24504977190751492,-0.24504977190751492
327,0.26999999999999996,-0.24209027124236415,-0.24209027124236415,-0.24209027124236415
328,0.27999999999999997,-0.24281237749973344,-0.24281237749973344,-0.24281237749973344
329,0.29,-0.241804542621491,-0.241804542621491,-0.241804542621491
330,0.3,-0.23509934323084433,-0.23509934323084433,-0.23509934323084433
331,0.31,-0.22115683341656273,-0.22115683341656273,-0.22115683341656273
332,0.31999999999999995,-0.19914520281736103,-0.19914520281736103,-0.19914520281736103
333,0.32999999999999996,-0.168601355318335,-0.168601355318335,-0.168601355318335
334,0.33999999999999997,-0.13038232103433037,-0.13038232103433037,-0.13038232103433037
335,0.35,-0.0903605819098624,-0.0903605819098624,-0.0903605819098624
336,0.36,-0.06689891414545694,-0.06689891414545694,-0.06689891414545694
337,0.37,-0.06624776367647663,-0.06624776367647663,-0.06624776367647663
338,0.37999999999999995,-0.06630801056451546,-0.06630801056451546,-0.06630801056451546
339,0.38999999999999996,-0.06462933163886303,-0.06462933163886303,-0.06462933163886303
340,0.39999999999999997,-0.038764767017043913,-0.038764767017043913,-0.038764767017043913
341,0.41,0.01124240837913306,0.01124240837913306,0.01124240837913306
342,0.42,0.063432820457524,0.063432820457524,0.063432820457524
343,0.43,0.1102673329436155,0.1102673329436155,0.1102673329436155
344,0.43999999999999995,0.1508565983204202,0.1508565983204202,0.1508565983204202
345,0.44999999999999996,0.18610844962222844,0.18610844962222844,0.18610844962222844
346,0.45999999999999996,0.21707317027314324,0.21707317027314324,0.21707317027314324
347,0.47,0.24398347711019144,0.24398347711019144,0.24398347711019144
348,0.48,0.2645560339921363,0.2645560339921363,0.2645560339921363
349,0.49,0.2737433296509078,0.2737433296509078,0.2737433296509078
350,0.5,0.27600624205509494,0.27600624205509494,0.27600624205509494
351,0.5099999999999999,0.27441832543641537,0.27441832543641537,0.27441832543641537
352,0.5199999999999999,0.27917075607091485,0.27917075607091485,0.27917075607091485
353,0.5299999999999999,0.32075724963381586,0.32075724963381586,0.32075724963381586
354,0.5399999999999999,0.3721951562203844,0.3721951562203844,0.3721951562203844
355,0.5499999999999999,0.4130886677032295,0.4130886677032295,0.4130886677032295
356,0.5599999999999999,0.437832680016676,0.437832680016676,0.437832680016676
357,0.57,0.4455486118697176,0.4455486118697176,0.4455486118697176
358,0.58,0.4366564008232305,0.4366564008232305,0.4366564008232305
359,0.59,0.4129925232456952,0.4129925232456952,0.4129925232456952
360,0.6,0.3815284427343412,0.3815284427343412,0.3815284427343412
361,0.61,0.3627594590692354,0.3627594590692354,0.3627594590692354
362,0.62,0.36615757427914886,0.36615757427914886,0.36615757427914886
363,0.6299999999999999,0.36671278478088826,0.36671278478088826,0.36671278478088826
364,0.6399999999999999,0.36209599006663434,0.36209599006663434,0.36209599006663434
365,0.6499999999999999,0.3506784347643493,0.3506784347643493,0.3506784347643493
366,0.6599999999999999,0.33188870177971175,0.33188870177971175,0.33188870177971175
367,0.6699999999999999,0.30656815052197234,0.30656815052197234,0.30656815052197234
368,0.6799999999999999,0.27431955484082926,0.27431955484082926,0.27431955484082926
369,0.69,0.23402198722866624,0.23402198722866624,0.23402198722866624
370,0.7,0.18436457951495344,0.18436457951495344,0.18436457951495344
371,0.71,0.12477124692649119,0.12477124692649119,0.12477124692649119
372,0.72,0.05832277934409996,0.05832277934409996,0.05832277934409996
373,0.73,0.00035201473529460206,0.00035201473529460206,0.00035201473529460206
374,0.74,-0.018355708662542887,-0.018355708662542887,-0.018355708662542887
375,0.75,-0.018559404836697133,-0.018559404836697133,-0.018559404836697133
376,0.7599999999999999,-0.01846391191268337,-0.01846391191268337,-0.01846391191268337
377,0.7699999999999999,-0.031406941410231815,-0.031406941410231815,-0.031406941410231815
378,0.7799999999999999,-0.10497402408242476,-0.10497402408242476,-0.10497402408242476
379,0.7899999999999999,-0.20176239728143877,-0.20176239728143877,-0.20176239728143877
380,0.7999999999999999,-0.2908672737261224,-0.2908672737261224,-0.2908672737261224
381,0.8099999999999999,-0.36453238450730296,-0.36453238450730296,-0.36453238450730296
382,0.82,-0.42267030422292196,-0.42267030422292196,-0.42267030422292196
383,0.83,-0.46700553504634446,-0.46700553504634446,-0.46700553504634446
384,0.84,-0.4994381331451671,-0.4994381331451671,-0.4994381331451671
385,0.85,-0.5218640521619642,-0.5218640521619642,-0.5218640521619642
386,0.86,-0.5366751912750356,-0.5366751912750356,-0.5366751912750356
387,0.87,-0.5453319578552323,-0.5453319578552323,-0.5453319578552323
388,0.8799999999999999,-0.5464901460489672,-0.5464901460489672,-0.5464901460489672
389,0.8899999999999999,-0.5409315379847814,-0.5409315379847814,-0.5409315379847814
390,0.8999999999999999,-0.574433742774357,-0.574433742774357,-0.574433742774357
391,0.9099999999999999,-0.6568631122579881,-0.6568631122579881,-0.6568631122579881
392,0.9199999999999999,-0.735043775789461,-0.735043775789461,-0.735043775789461
393,0.9299999999999999,-0.7877245232876036,-0.7877245232876036,-0.7877245232876036
394,0.94,-0.8098911005153817,-0.8098911005153817,-0.8098911005153817
395,0.95,-0.801036298546977,-0.801036298546977,-0.801036298546977
396,0.96,-0.762507930091385,-0.762507930091385,-0.762507930091385
397,0.97,-0.7005490710217093,-0.7005490710217093,-0.7005490710217093
398,0.98,-0.6383815638697565,-0.6383815638697565,-0.6383815638697565
399,0.99,-0.6233483818656218,-0.6233483818656218,-0.6233483818656218
400,1.0,-0.6291511281447958,-0.6291511281447958,-0.6291511281447958
401,1.0099999999999998,-0.6262940501075889,-0.6262940501075889,-0.6262940501075889
402,1.0199999999999998,-0.6166688738772022,-0.6166688738772022,-0.6166688738772022
403,1.0299999999999998,-0.6088691655633799,-0.6088691655633799,-0.6088691655633799
404,1.0399999999999998,-0.5955273404478408,-0.5955273404478408,-0.5955273404478408
405,1.0499999999999998,-0.569302749275703,-0.569302749275703,-0.569302749275703
406,1.0599999999999998,-0.5268242636913518,-0.5268242636913518,-0.5268242636913518
407,1.0699999999999998,-0.4658690405903316,-0.4658690405903316,-0.4658690405903316
408,1.0799999999999998,-0.3848621783424633,-0.3848621783424633,-0.3848621783424633
409,1.0899999999999999,-0.2850021954432421,-0.2850021954432421,-0.2850021954432421
410,1.0999999999999999,-0.1784331870897484,-0.1784331870897484,-0.1784331870897484
411,1.1099999999999999,-0.10732400660712904,-0.10732400660712904,-0.10732400660712904
412,1.1199999999999999,-0.10109864596621594,-0.10109864596621594,-0.10109864596621594
413,1.13,-0.10137485095163508,-0.10137485095163508,-0.10137485095163508
414,1.14,-0.09971187175209721,-0.09971187175209721,-0.09971187175209721
415,1.15,-0.05952466461145703,-0.05952466461145703,-0.05952466461145703
416,1.16,0.03266879907832748,0.03266879907832748,0.03266879907832748
417,1.17,0.13240826206794404,0.13240826206794404,0.13240826206794404
418,1.18,0.22214947546916228,0.22214947546916228,0.22214947546916228
419,1.19,0.2991655475179747,0.2991655475179747,0.2991655475179747
420,1.2,0.3649109274886121,0.3649109274886121,0.3649109274886121
421,1.21,0.42142924993219216,0.42142924993219216,0.42142924993219216
422,1.22,0.46969382974118057,0.46969382974118057,0.46969382974118057
423,1.23,0.5072012379787195,0.5072012379787195,0.5072012379787195
424,1.24,0.5262556160760621,0.5262556160760621,0.5262556160760621
425,1.25,0.5316208081794203,0.5316208081794203,0.5316208081794203
426,1.2599999999999998,0.5295286588533391,0.5295286588533391,0.5295286588533391
427,1.2699999999999998,0.5311937648817059,0.5311937648817059,0.5311937648817059
428,1.2799999999999998,0.5937282528295924,0.5937282528295924,0.5937282528295924
429,1.2899999999999998,0.6795695225941449,0.6795695225941449,0.6795695225941449
430,1.2999999999999998,0.7488632898273407,0.7488632898273407,0.7488632898273407
431,1.3099999999999998,0.7897992244917469,0.7897992244917469,0.7897992244917469
432,1.3199999999999998,0.8001225835230462,0.8001225835230462,0.8001225835230462
433,1.3299999999999998,0.7801718362958828,0.7801718362958828,0.7801718362958828
434,1.3399999999999999,0.732644527359871,0.732644527359871,0.732644527359871
435,1.3499999999999999,0.6686707210799857,0.6686707210799857,0.6686707210799857
436,1.3599999999999999,0.6236724723698637,0.6236724723698637,0.6236724723698637
437,1.3699999999999999,0.6265933665605865,0.6265933665605865,0.6265933665605865
438,1.38,0.6286868460620393,0.6286868460620393,0.6286868460620393
439,1.39,0.6220775214112452,0.6220775214112452,0.6220775214112452
440,1.4,0.6142480755015797,0.6142480755015797,0.6142480755015797
441,1.41,0.6085885803430262,0.6085885803430262,0.6085885803430262
442,1.42,0.5937471545571055,0.5937471545571055,0.5937471545571055
443,1.43,0.5638604207501087,0.5638604207501087,0.5638604207501087
444,1.44,0.5161371250606397,0.5161371250606397,0.5161371250606397
445,1.45,0.4486089414551262,0.4486089414551262,0.4486089414551262
446,1.46,0.36049389203119997,0.36049389203119997,0.36049389203119997
447,1.47,0.2561989238506414,0.2561989238506414,0.2561989238506414
448,1.48,0.15833179133446773,0.15833179133446773,0.15833179133446773
449,1.49,0.12030762074540018,0.12030762074540018,0.12030762074540018
450,1.5,0.12120248511058801,0.12120248511058801,0.12120248511058801
451,1.5099999999999998,0.12079889002917729,0.12079889002917729,0.12079889002917729
452,1.5199999999999998,0.11235503144184468,0.11235503144184468,0.11235503144184468
453,1.5299999999999998,0.05702914719427163,0.05702914719427163,0.05702914719427163
454,1.5399999999999998,-0.023235256169413427,-0.023235256169413427,-0.023235256169413427
455,1.5499999999999998,-0.10183196129641456,-0.10183196129641456,-0.10183196129641456
456,1.5599999999999998,-0.171750669833223,-0.171750669833223,-0.171750669833223
457,1.5699999999999998,-0.2329938872966783,-0.2329938872966783,-0.2329938872966783
458,1.5799999999999998,-0.2872358496913071,-0.2872358496913071,-0.2872358496913071
459,1.5899999999999999,-0.33584787075145556,-0.33584787075145556,-0.33584787075145556
460,1.5999999999999999,-0.378053290581493,-0.378053290581493,-0.378053290581493
461,1.6099999999999999,-0.4072753331996333,-0.4072753331996333,-0.4072753331996333
462,1.6199999999999999,-0.41700617903073106,-0.41700617903073106,-0.41700617903073106
463,1.63,-0.41865375608413385,-0.41865375608413385,-0.41865375608413385
464,1.64,-0.4146276928896293,-0.4146276928896293,-0.4146276928896293
465,1.65,-0.43126547114236713,-0.43126547114236713,-0.43126547114236713
466,1.66,-0.4867278973626084,-0.4867278973626084,-0.4867278973626084
467,1.67,-0.5423232531810065,-0.5423232531810065,-0.5423232531810065
468,1.68,-0.5802224470612615,-0.5802224470612615,-0.5802224470612615
469,1.69,-0.5959294582776733,-0.5959294582776733,-0.5959294582776733
470,1.7,-0.5887605125587432,-0.5887605125587432,-0.5887605125587432
471,1.71,-0.5594097628745982,-0.5594097628745982,-0.5594097628745982
472,1.72,-0.511730166147889,-0.511730166147889,-0.511730166147889
473,1.73,-0.4608663357933736,-0.4608663357933736,-0.4608663357933736
474,1.74,-0.4427656447588301,-0.4427656447588301,-0.4427656447588301
475,1.75,-0.44738652267773904,-0.44738652267773904,-0.44738652267773904
476,1.7599999999999998,-0.4461675774776862,-0.4461675774776862,-0.4461675774776862
477,1.7699999999999998,-0.4391167308268468,-0.4391167308268468,-0.4391167308268468
478,1.7799999999999998,-0.42938605944827896,-0.42938605944827896,-0.42938605944827896
479,1.7899999999999998,-0.4146334353276111,-0.4146334353276111,-0.4146334353276111
480,1.7999999999999998,-0.39144709603337985,-0.39144709603337985,-0.39144709603337985
481,1.8099999999999998,-0.3578635976685589,-0.3578635976685589,-0.3578635976685589
482,1.8199999999999998,-0.31229563452670894,-0.31229563452670894,-0.31229563452670894
483,1.8299999999999998,-0.25342206342455365,-0.25342206342455365,-0.25342206342455365
484,1.8399999999999999,-0.18152451604099204,-0.18152451604099204,-0.18152451604099204
485,1.8499999999999999,-0.10350903504190385,-0.10350903504190385,-0.10350903504190385
486,1.8599999999999999,-0.04586622213368916,-0.04586622213368916,-0.04586622213368916
487,1.8699999999999999,-0.03717331502700316,-0.03717331502700316,-0.03717331502700316
488,1.88,-0.037342892645775706,-0.037342892645775706,-0.037342892645775706
489,1.89,-0.03692931233241558,-0.03692931233241558,-0.03692931233241558
490,1.9,-0.019976188700689325,-0.019976188700689325,-0.019976188700689325
491,1.91,0.02798850772223493,0.02798850772223493,0.02798850772223493
492,1.92,0.082220188884832,0.082220188884832,0.082220188884832
493,1.93,0.13117916842745728,0.13117916842745728,0.13117916842745728
494,1.94,0.17269977438813588,0.17269977438813588,0.17269977438813588
495,1.95,0.2073762077979315,0.2073762077979315,0.2073762077979315
496,1.96,0.23630865377004676,0.23630865377004676,0.23630865377004676
497,1.97,0.26026057798863855,0.26026057798863855,0.26026057798863855
498,1.98,0.2788013054893199,0.2788013054893199,0.2788013054893199
499,1.99,0.2893616918774772,0.2893616918774772,0.2893616918774772
500,2.0,0.29289174941218055,0.29289174941218055,0.29289174941218055
501,2.01,0.2922710176960384,0.2922710176960384,0.2922710176960384
502,2.0199999999999996,0.29036917934344264,0.29036917934344264,0.29036917934344264
503,2.03,0.31236509824749054,0.31236509824749054,0.31236509824749054
504,2.0399999999999996,0.3469571828875475,0.3469571828875475,0.3469571828875475
505,2.05,0.3745784138079816,0.3745784138079816,0.3745784138079816
506,2.0599999999999996,0.38887586286222353,0.38887586286222353,0.38887586286222353
507,2.07,0.3883733487132968,0.3883733487132968,0.3883733487132968
508,2.0799999999999996,0.3729250981354292,0.3729250981354292,0.3729250981354292
509,2.09,0.3435003162408054,0.3435003162408054,0.3435003162408054
510,2.0999999999999996,0.3050333523158872,0.3050333523158872,0.3050333523158872
511,2.11,0.2746659904611217,0.2746659904611217,0.2746659904611217
512,2.1199999999999997,0.2728319829888176,0.2728319829888176,0.2728319829888176
513,2.13,0.2742435665482986,0.2742435665482986,0.2742435665482986
514,2.1399999999999997,0.2718505014854667,0.2718505014854667,0.2718505014854667
515,2.15,0.27425302290994374,0.27425302290994374,0.27425302290994374
516,2.1599999999999997,0.2910999686972796,0.2910999686972796,0.2910999686972796
517,2.17,0.3072041731575755,0.3072041731575755,0.3072041731575755
518,2.1799999999999997,0.31455851505417176,0.31455851505417176,0.31455851505417176
519,2.19,0.310805829328681,0.310805829328681,0.310805829328681
520,2.1999999999999997,0.29522548224720235,0.29522548224720235,0.29522548224720235
521,2.21,0.26778103457202934,0.26778103457202934,0.26778103457202934
522,2.2199999999999998,0.23029986340875047,0.23029986340875047,0.23029986340875047
523,2.23,0.19138453215648316,0.19138453215648316,0.19138453215648316
524,2.2399999999999998,0.17374045543674455,0.17374045543674455,0.17374045543674455
525,2.25,0.17534960236995775,0.17534960236995775,0.17534960236995775
526,2.26,0.1750841195595621,0.1750841195595621,0.1750841195595621
527,2.2699999999999996,0.17509463817564697,0.17509463817564697,0.17509463817564697
528,2.28,0.20519216771779147,0.20519216771779147,0.20519216771779147
529,2.2899999999999996,0.25448586682858126,0.25448586682858126,0.25448586682858126
530,2.3,0.29920299222698743,0.29920299222698743,0.29920299222698743
531,2.3099999999999996,0.3317946689546933,0.3317946689546933,0.3317946689546933
532,2.32,0.35096578882292107,0.35096578882292107,0.35096578882292107
533,2.3299999999999996,0.3570745046713087,0.3570745046713087,0.3570745046713087
534,2.34,0.35122379830288697,0.35122379830288697,0.35122379830288697
535,2.3499999999999996,0.33667382514130895,0.33667382514130895,0.33667382514130895
536,2.36,0.323610531440833,0.323610531440833,0.323610531440833
537,2.3699999999999997,0.32522816915755876,0.32522816915755876,0.32522816915755876
538,2.38,0.32711021663461853,0.32711021663461853,0.32711021663461853
539,2.3899999999999997,0.3244603313715944,0.3244603313715944,0.3244603313715944
540,2.4,0.34145457630695486,0.34145457630695486,0.34145457630695486
541,2.4099999999999997,0.41201566767572356,0.41201566767572356,0.41201566767572356
542,2.42,0.49081215469021255,0.49081215469021255,0.49081215469021255
543,2.4299999999999997,0.5531591036780048,0.5531591036780048,0.5531591036780048
544,2.44,0.5929804229995145,0.5929804229995145,0.5929804229995145
545,2.4499999999999997,0.6097694912617491,0.6097694912617491,0.6097694912617491
546,2.46,0.6045772613810982,0.6045772613810982,0.6045772613810982
547,2.4699999999999998,0.5805093804030864,0.5805093804030864,0.5805093804030864
548,2.48,0.5481239804431269,0.5481239804431269,0.5481239804431269
549,2.4899999999999998,0.5346034804898588,0.5346034804898588,0.5346034804898588
550,2.5,0.5407283011086331,0.5407283011086331,0.5407283011086331
551,2.51,0.540237000025416,0.540237000025416,0.540237000025416
552,2.5199999999999996,0.5342086172227457,0.5342086172227457,0.5342086172227457
553,2.53,0.5500569486212709,0.5500569486212709,0.5500569486212709
554,2.5399999999999996,0.5793686457973002,0.5793686457973002,0.5793686457973002
555,2.55,0.5982263527685975,0.5982263527685975,0.5982263527685975
556,2.5599999999999996,0.5980241211917473,0.5980241211917473,0.5980241211917473
557,2.57,0.5761408239034538,0.5761408239034538,0.5761408239034538
558,2.5799999999999996,0.5316277799900044,0.5316277799900044,0.5316277799900044
559,2.59,0.4652987093041136,0.4652987093041136,0.4652987093041136
560,2.5999999999999996,0.3846006097926104,0.3846006097926104,0.3846006097926104
561,2.61,0.3180514209778226,0.3180514209778226,0.3180514209778226
562,2.6199999999999997,0.30718282717685413,0.30718282717685413,0.30718282717685413
563,2.63,0.30914812579823014,0.30914812579823014,0.30914812579823014
564,2.6399999999999997,0.3067974199802539,0.3067974199802539,0.3067974199802539
565,2.65,0.28440423715275504,0.28440423715275504,0.28440423715275504
566,2.6599999999999997,0.21478783533083176,0.21478783533083176,0.21478783533083176
567,2.67,0.12886884540357407,0.12886884540357407,0.12886884540357407
568,2.6799999999999997,0.04396721957631369,0.04396721957631369,0.04396721957631369
569,2.69,-0.03690851830709995,-0.03690851830709995,-0.03690851830709995
570,2.6999999999999997,-0.11522384039649157,-0.11522384039649157,-0.11522384039649157
571,2.71,-0.19309486051413896,-0.19309486051413896,-0.19309486051413896
572,2.7199999999999998,-0.2707297914105723,-0.2707297914105723,-0.2707297914105723
573,2.73,-0.34104107871361966,-0.34104107871361966,-0.34104107871361966
574,2.7399999999999998,-0.3805993143020865,-0.3805993143020865,-0.3805993143020865
575,2.75,-0.38713434387952794,-0.38713434387952794,-0.38713434387952794
576,2.76,-0.38701706556261706,-0.38701706556261706,-0.38701706556261706
577,2.7699999999999996,-0.3852585441139042,-0.3852585441139042,-0.3852585441139042
578,2.78,-0.4455438712575087,-0.4455438712575087,-0.4455438712575087
579,2.7899999999999996,-0.5549215605706408,-0.5549215605706408,-0.5549215605706408
580,2.8,-0.6570048628736656,-0.6570048628736656,-0.6570048628736656
581,2.8099999999999996,-0.7327528826820388,-0.7327528826820388,-0.7327528826820388
582,2.82,-0.7786563106026111,-0.7786563106026111,-0.7786563106026111
583,2.8299999999999996,-0.7953664886529217,-0.7953664886529217,-0.7953664886529217
584,2.84,-0.7851621915919837,-0.7851621915919837,-0.7851621915919837
585,2.8499999999999996,-0.7545628489993763,-0.7545628489993763,-0.7545628489993763
586,2.86,-0.7242098018159485,-0.7242098018159485,-0.7242098018159485
587,2.8699999999999997,-0.7257605320244661,-0.7257605320244661,-0.7257605320244661
588,2.88,-0.7308506388188016,-0.7308506388188016,-0.7308506388188016
589,2.8899999999999997,-0.725757623690832,-0.725757623690832,-0.725757623690832
590,2.9,-0.7102646775429665,-0.7102646775429665,-0.7102646775429665
591,2.9099999999999997,-0.6837158776298081,-0.6837158776298081,-0.6837158776298081
592,2.92,-0.6449734250095652,-0.6449734250095652,-0.6449734250095652
593,2.9299999999999997,-0.5923662332171079,-0.5923662332171079,-0.5923662332171079
594,2.94,-0.5236773660665249,-0.5236773660665249,-0.5236773660665249
595,2.9499999999999997,-0.4363390770386002,-0.4363390770386002,-0.4363390770386002
596,2.96,-0.3283923604648609,-0.3283923604648609,-0.3283923604648609
597,2.9699999999999998,-0.20204588573261992,-0.20204588573261992,-0.20204588573261992
598,2.98,-0.07530012852804126,-0.07530012852804126,-0.07530012852804126
599,2.9899999999999998,-0.0037936914756668346,-0.0037936914756668346,-0.0037936914756668346
600,3.0,0.0,0.0,0.0
