mu,gamma,chi_saturation,reserve_1_minus_chi,max_real_eigenvalue,stationary_var_x,stationary_sd_x
-1.0,0.0,0.2689414213699951,0.7310585786300049,-0.4999999999999999,0.020762924190444582,0.1440934564456158
-0.95,0.0,0.27888482197713693,0.7211151780228631,-0.4999999999999999,0.020745867602415556,0.1440342584332476
-0.9,0.0,0.289050497374996,0.710949502625004,-0.4999999999999999,0.02072992591563464,0.143978907884574
-0.85,0.0,0.29943285752602705,0.700567142473973,-0.49999999999999994,0.02071505926758121,0.1439272707570779
-0.8,0.0,0.31002551887238755,0.6899744811276125,-0.5000000000000004,0.020701230483891445,0.143879221862962
-0.75,0.0,0.320821300824607,0.679178699175393,-0.4999999999999999,0.020688404985403065,0.14383464459372458
-0.7,0.0,0.3318122278318339,0.6681877721681662,-0.4999999999999999,0.0206765507016892,0.14379343066249306
-0.6499999999999999,0.0,0.3429895373265012,0.6570104626734987,-0.5000000000000002,0.02066563799086623,0.14375547986378198
-0.6,0.0,0.35434369377420455,0.6456563062257954,-0.4999999999999999,0.02065563956547269,0.14372069985034408
-0.55,0.0,0.36586440898919936,0.6341355910108006,-0.49999999999999994,0.02064653042423719,0.1436890059268182
-0.5,0.0,0.3775406687981454,0.6224593312018546,-0.5000000000000004,0.02063828778956191,0.14366032085987387
-0.44999999999999996,0.0,0.389360766050778,0.6106392339492219,-0.5000000000000001,0.020630891050566785,0.1436345747045842
-0.3999999999999999,0.0,0.401312339887548,0.598687660112452,-0.5,0.020624321711551548,0.14361170464677156
-0.35,0.0,0.41338242108267,0.58661757891733,-0.4999999999999997,0.020618563345746802,0.14359165486109143
-0.29999999999999993,0.0,0.4255574831883411,0.5744425168116589,-0.5,0.02061360155423867,0.14357437638464138
-0.25,0.0,0.43782349911420193,0.5621765008857981,-0.4999999999999999,0.020609423929963875,0.14355982700589978
-0.19999999999999996,0.0,0.45016600268752216,0.5498339973124778,-0.49999999999999994,0.020606020026685736,0.14354797116882473
-0.1499999999999999,0.0,0.46257015465625045,0.5374298453437496,-0.5,0.020603381332873,0.1435387798919616
-0.09999999999999998,0.0,0.47502081252106,0.52497918747894,-0.4999999999999999,0.02060150125041675,0.14353223070243404
-0.04999999999999993,0.0,0.48750260351578967,0.5124973964842103,-0.5,0.020600375078131516,0.14352830758471138
0.0,0.0,0.5,0.5,-0.4999999999999999,0.020600000000000014,0.14352700094407328
0.050000000000000044,0.0,0.5124973964842104,0.48750260351578956,-0.5000000000000001,0.02060037507813163,0.14352830758471177
0.10000000000000009,0.0,0.52497918747894,0.47502081252106,-0.4999999999999998,0.020601501250416755,0.14353223070243407
0.15000000000000013,0.0,0.5374298453437496,0.4625701546562504,-0.5000000000000002,0.020603381332872994,0.14353877989196157
0.20000000000000018,0.0,0.549833997312478,0.45016600268752205,-0.49999999999999994,0.020606020026685736,0.14354797116882473
0.25,0.0,0.5621765008857981,0.43782349911420193,-0.4999999999999998,0.020609423929963885,0.14355982700589984
0.30000000000000004,0.0,0.574442516811659,0.42555748318834097,-0.5,0.02061360155423867,0.14357437638464138
0.3500000000000001,0.0,0.5866175789173301,0.41338242108266987,-0.4999999999999997,0.020618563345746802,0.14359165486109143
0.40000000000000013,0.0,0.5986876601124521,0.4013123398875479,-0.5,0.020624321711551548,0.14361170464677156
0.4500000000000002,0.0,0.610639233949222,0.38936076605077796,-0.49999999999999983,0.020630891050566803,0.1436345747045843
0.5,0.0,0.6224593312018546,0.3775406687981454,-0.4999999999999999,0.020638287789561928,0.14366032085987393
0.55,0.0,0.6341355910108007,0.36586440898919925,-0.4999999999999996,0.020646530424237208,0.14368900592681824
0.6000000000000001,0.0,0.6456563062257954,0.3543436937742046,-0.4999999999999999,0.02065563956547269,0.14372069985034408
0.6500000000000001,0.0,0.6570104626734988,0.34298953732650117,-0.5000000000000002,0.02066563799086623,0.14375547986378198
0.7000000000000002,0.0,0.6681877721681662,0.33181222783183384,-0.4999999999999999,0.0206765507016892,0.14379343066249306
0.75,0.0,0.679178699175393,0.320821300824607,-0.4999999999999999,0.020688404985403065,0.14383464459372458
0.8,0.0,0.6899744811276125,0.3100255188723875,-0.49999999999999994,0.020701230483891456,0.14387922186296204
0.8500000000000001,0.0,0.700567142473973,0.299432857526027,-0.4999999999999999,0.020715059267581208,0.1439272707570779
0.9000000000000001,0.0,0.710949502625004,0.289050497374996,-0.4999999999999999,0.02072992591563464,0.143978907884574
0.9500000000000002,0.0,0.7211151780228631,0.27888482197713693,-0.49999999999999994,0.02074586760241548,0.14403425843324733
1.0,0.0,0.7310585786300049,0.2689414213699951,-0.49999999999999956,0.020762924190444593,0.14409345644561586
1.0500000000000003,0.0,0.740774899182154,0.259225100817846,-0.5,0.020781138330076162,0.1441566451124476
1.1,0.0,0.7502601055951177,0.2497398944048823,-0.4999999999999999,0.020800555566146687,0.14422397708476453
1.15,0.0,0.759510916949111,0.240489083050889,-0.5,0.020821224451860368,0.14429561480467926
1.2000000000000002,0.0,0.7685247834990178,0.23147521650098224,-0.5000000000000001,0.02084319667019732,0.14437173085544594
1.25,0.0,0.7772998611746911,0.22270013882530892,-0.4999999999999998,0.020866527163148317,0.14445250833110623
1.3000000000000003,0.0,0.7858349830425586,0.2141650169574414,-0.4999999999999998,0.020891274269097992,0.14453814122610678
1.35,0.0,0.7941296281990528,0.20587037180094725,-0.5000000000000002,0.020917499868701436,0.14462883484527364
1.4000000000000004,0.0,0.8021838885585818,0.1978161114414182,-0.49999999999999956,0.020945269539617936,0.14472480623451509
1.4500000000000002,0.0,0.8099984339846871,0.19000156601531293,-0.4999999999999998,0.020974652720489394,0.1448262846326225
1.5,0.0,0.8175744761936437,0.18242552380635635,-0.5000000000000002,0.021005722884572985,0.14493351194452228
1.5500000000000003,0.0,0.8249137318359602,0.17508626816403983,-0.5000000000000001,0.02103855772346263,0.14504674323631891
1.6,0.0,0.8320183851339245,0.16798161486607555,-0.4999999999999999,0.021073239341358473,0.14516624725244665
1.6500000000000004,0.0,0.8388910504234147,0.16110894957658528,-0.5000000000000001,0.02110985446037008,0.14529230695522072
1.7000000000000002,0.0,0.8455347349164652,0.15446526508353475,-0.5000000000000001,0.021148494637366986,0.1454252200870502
1.75,0.0,0.8519528019683106,0.14804719803168942,-0.5,0.021189256492918435,0.1455652997555339
1.8000000000000003,0.0,0.8581489350995123,0.1418510649004877,-0.5000000000000002,0.02123224195289517,0.1457128750416214
1.85,0.0,0.8641271029909058,0.13587289700909422,-0.49999999999999967,0.02127755850333731,0.14586829163096862
1.9000000000000004,0.0,0.8698915256370021,0.13010847436299788,-0.4999999999999999,0.02132531945922529,0.1460319124685604
1.9500000000000002,0.0,0.8754466418125836,0.12455335818741642,-0.5000000000000004,0.02137564424782637,0.1462041184366103
2.0,0.0,0.8807970779778823,0.11920292202211769,-0.5,0.02142865870732509,0.14638530905567365
2.0500000000000003,0.0,0.8859476187202091,0.1140523812797909,-0.4999999999999998,0.021484495401484203,0.14657590320882966
2.1,0.0,0.8909031788043871,0.10909682119561293,-0.49999999999999983,0.021543293951123102,0.1467763398886997
2.1500000000000004,0.0,0.8956687768809987,0.10433122311900134,-0.49999999999999967,0.021605201383242702,0.14698707896697147
2.2,0.0,0.9002495108803148,0.0997504891196852,-0.4999999999999998,0.02167037249866947,0.1472086019859895
2.25,0.0,0.9046505351008906,0.09534946489910945,-0.4999999999999998,0.02173897025913806,0.14744141297185828
2.3000000000000003,0.0,0.9088770389851438,0.09112296101485617,-0.4999999999999998,0.021811166194780643,0.14768603926837717
2.35,0.0,0.9129342275597286,0.08706577244027136,-0.4999999999999999,0.021887140833041472,0.14794303239098985
2.4000000000000004,0.0,0.9168273035060777,0.08317269649392234,-0.49999999999999983,0.02196708415008966,0.14821296889978847
2.45,0.0,0.9205614508160216,0.07943854918397841,-0.49999999999999983,0.022051196045858413,0.1484964512904548
2.5,0.0,0.9241418199787566,0.07585818002124345,-0.5,0.02213968684389913,0.14879410890186187
2.5500000000000003,0.0,0.9275735146384823,0.07242648536151775,-0.49999999999999967,0.022232777817299636,0.14910659883888316
2.6,0.0,0.9308615796566533,0.06913842034334672,-0.49999999999999967,0.02233070174198243,0.14943460690878277
2.6500000000000004,0.0,0.9340109905087812,0.06598900949121878,-0.5,0.022433703478765436,0.1497788485693672
2.7,0.0,0.9370266439430035,0.0629733560569965,-0.4999999999999998,0.0225420405856419,0.1501400698868956
2.75,0.0,0.9399133498259924,0.060086650174007605,-0.4999999999999998,0.022655983961809244,0.15051904850154096
2.8000000000000003,0.0,0.9426758241011313,0.057324175898868734,-0.4999999999999998,0.022775818525058347,0.1509165945980042
2.85,0.0,0.9453186827840592,0.05468131721594083,-0.49999999999999967,0.022901843924216375,0.1513335518786775
2.9000000000000004,0.0,0.9478464369215823,0.052153563078417675,-0.49999999999999967,0.023034375288424943,0.15177079853655953
2.95,0.0,0.9502634884414434,0.04973651155855663,-0.4999999999999997,0.023173744015127035,0.15222924822492895
3.0,0.0,0.9525741268224334,0.047425873177566635,-0.49999999999999983,0.023320298598733344,0.15270985102059836
3.05,0.0,0.9547825265167125,0.04521747348328753,-0.5000000000000003,0.023474405502039754,0.15321359437739118
3.1000000000000005,0.0,0.9568927450589139,0.04310725494108614,-0.49999999999999994,0.023636450072575282,0.15374150406632323
3.1500000000000004,0.0,0.958908721799535,0.04109127820046499,-0.5000000000000001,0.02380683750617147,0.1542946450988221
3.2,0.0,0.9608342772032357,0.039165722796764335,-0.5,0.02398599386016316,0.15487412262919575
3.25,0.0,0.9626731126558706,0.03732688734412937,-0.5,0.02417436711875373,0.1554810828324582
3.3,0.0,0.9644288107273639,0.03557118927263614,-0.4999999999999999,0.024372428313208874,0.1561167137535532
3.3500000000000005,0.0,0.9661048358408219,0.03389516415917815,-0.49999999999999967,0.02458067269968023,0.15678224612397995
3.4000000000000004,0.0,0.9677045353015495,0.03229546469845046,-0.5000000000000004,0.02479962099760362,0.1574789541418269
3.45,0.0,0.969231140642852,0.030768859357148015,-0.5,0.025029820691768907,0.15820815621126777
3.5,0.0,0.9706877692486436,0.02931223075135636,-0.4999999999999998,0.0252718474013172,0.15897121563766567
3.55,0.0,0.9720774262159271,0.027922573784072924,-0.5,0.02552630631908847,0.15976954127457607
3.6000000000000005,0.0,0.973403006423134,0.026596993576865957,-0.49999999999999967,0.025793833724918794,0.16060458811914058
3.6500000000000004,0.0,0.9746672967731284,0.025332703226871645,-0.4999999999999997,0.026075098576671677,0.16147785785262225
3.7,0.0,0.9758729785823308,0.024127021417669203,-0.49999999999999967,0.026370804182980677,0.16239089932314765
3.75,0.0,0.9770226300899744,0.022977369910025636,-0.49999999999999994,0.02668168996188782,0.16334530896811153
3.8000000000000007,0.0,0.9781187290638694,0.02188127093613057,-0.4999999999999999,0.02700853328977353,0.16434273117413356
3.8500000000000005,0.0,0.9791636554813196,0.02083634451868044,-0.4999999999999999,0.02735215144520266,0.16538485857297414
3.9000000000000004,0.0,0.9801596942659225,0.019840305734077468,-0.5000000000000002,0.027713403652546414,0.16647343227237918
3.95,0.0,0.9811090380629609,0.018890961937039097,-0.5,0.02809319323049101,0.16761024202145586
4.0,0.0,0.9820137900379085,0.01798620996209155,-0.4999999999999999,0.02849246985080496,0.16879712631086158
4.050000000000001,0.0,0.9828759666842724,0.01712403331572765,-0.4999999999999998,0.028912231913012922,0.1700359724088198
4.1000000000000005,0.0,0.9836975006285591,0.016302499371440904,-0.5000000000000001,0.029353529040914574,0.1713287163347539
4.15,0.0,0.9844802434215911,0.015519756578408872,-0.4999999999999999,0.029817464707191245,0.1726773427731364
4.2,0.0,0.9852259683067269,0.01477403169327307,-0.4999999999999998,0.030305198992661844,0.1740838849309776
4.25,0.0,0.9859363729567544,0.014063627043245597,-0.4999999999999999,0.030817951487089438,0.17555042434323376
4.300000000000001,0.0,0.9866130821723351,0.01338691782766488,-0.4999999999999999,0.031357004338791114,0.17707909063125188
4.3500000000000005,0.0,0.9872576505358884,0.012742349464111569,-0.5,0.031923705460676244,0.17867206122020377
4.4,0.0,0.9878715650157257,0.012128434984274294,-0.5000000000000001,0.03251947190073063,0.18033156102227538
4.45,0.0,0.9884562475160777,0.011543752483922254,-0.4999999999999999,0.033145793385375696,0.18205986209314698
4.5,0.0,0.9890130573694068,0.010986942630593188,-0.49999999999999994,0.03380423604455899,0.18385928327000242
4.550000000000001,0.0,0.9895432937680818,0.01045670623191819,-0.4999999999999999,0.03449644632789603,0.18573218979998063
4.6000000000000005,0.0,0.9900481981330957,0.009951801866904253,-0.4999999999999997,0.03522415512165188,0.18768099296852594
4.65,0.0,0.9905289564180538,0.00947104358194617,-0.5000000000000002,0.035989182076856606,0.1897081497375814
4.7,0.0,0.990986701347152,0.009013298652847945,-0.4999999999999997,0.036793440159383566,0.19181616240396315
4.75,0.0,0.991422514586288,0.00857748541371195,-0.4999999999999999,0.03763894043335869,0.19400757828847484
4.800000000000001,0.0,0.9918374288468401,0.008162571153159881,-0.5000000000000001,0.038527797089867616,0.19628498946650916
4.8500000000000005,0.0,0.9922324299219849,0.007767570078015096,-0.5,0.03946223273353649,0.19865103255089436
4.9,0.0,0.9926084586557181,0.007391541344281882,-0.4999999999999999,0.04044458394020122,0.2011083885376272
4.95,0.0,0.9929664128450049,0.007033587154995136,-0.49999999999999994,0.04147730709956099,0.20365978272491844
5.0,0.0,0.9933071490757153,0.006692850924284732,-0.49999999999999994,0.04256298455743676,0.20630798471565942
5.050000000000001,0.0,0.9936314844931846,0.0063685155068153865,-0.5000000000000002,0.04370433107297679,0.2090558085128868
5.1000000000000005,0.0,0.9939401985084158,0.006059801491584249,-0.4999999999999997,0.04490420060696953,0.21190611271732943
5.15,0.0,0.994234034441075,0.005765965558924946,-0.49999999999999994,0.04616559345823699,0.2148618008354137
5.2,0.0,0.9945137011005495,0.005486298899450515,-0.5000000000000001,0.04749166376593524,0.21792582170531155
5.25,0.0,0.9947798743064417,0.005220125693558342,-0.5000000000000002,0.04888572739655466,0.22110117004790966
5.300000000000001,0.0,0.995033198349943,0.004966801650057029,-0.5000000000000002,0.050351270235304384,0.22439088714853012
5.3500000000000005,0.0,0.9952742873976046,0.004725712602395404,-0.4999999999999996,0.05189195690265159,0.22779806167448305
5.4,0.0,0.9955037268390589,0.004496273160941144,-0.4999999999999999,0.05351163991776975,0.23132583063239986
5.45,0.0,0.9957220745802952,0.004277925419704842,-0.4999999999999999,0.05521436933185402,0.23497738046853367
5.5,0.0,0.995929862284104,0.004070137715896038,-0.4999999999999999,0.057004402855349606,0.23875594831406735
5.550000000000001,0.0,0.9961275965593289,0.0038724034406710794,-0.49999999999999983,0.058886216504452256,0.24266482337671494
5.6000000000000005,0.0,0.9963157601005641,0.0036842398994358927,-0.49999999999999983,0.06086451579348143,0.24670734847888384
5.65,0.0,0.9964948127799336,0.0035051872200664302,-0.49999999999999967,0.06294424750110326,0.2508869217418542
5.7,0.0,0.9966651926925867,0.003334807307413312,-0.4999999999999999,0.06513061203987809,0.2552069984147733
5.75,0.0,0.9968273171575148,0.003172682842485175,-0.4999999999999998,0.06742907645997384,0.2596710928462655
5.800000000000001,0.0,0.9969815836752917,0.0030184163247083395,-0.4999999999999999,0.06984538811966048,0.26428278059620247
5.8500000000000005,0.0,0.9971283708442995,0.0028716291557004947,-0.4999999999999999,0.07238558905668219,0.2690457006842559
5.9,0.0,0.997268039236989,0.0027319607630109655,-0.4999999999999999,0.07505603109652405,0.2739635579717201
5.95,0.0,0.9974009322376768,0.002599067762323215,-0.4999999999999999,0.0778633917352475,0.27904012567236186
6.0,0.0,0.9975273768433653,0.002472623156634657,-0.5,0.08081469083673966,0.28427924798820553
6.050000000000001,0.0,0.997647684429022,0.0023523155709780363,-0.4999999999999998,0.08391730818601868,0.289684842865516
6.1000000000000005,0.0,0.9977621514787236,0.0022378485212763977,-0.49999999999999994,0.08717900194253352,0.2952609048664139
6.15,0.0,0.9978710602840357,0.0021289397159642842,-0.4999999999999998,0.09060792803962492,0.30101150815147404
6.2,0.0,0.9979746796109501,0.0020253203890499005,-0.4999999999999999,0.09421266057858325,0.3069408095685278
6.25,0.0,0.9980732653366725,0.0019267346633274895,-0.5,0.0980022132683712,0.31305305184324783
6.300000000000001,0.0,0.9981670610575072,0.0018329389424928122,-0.49999999999999994,0.10198606196460565,0.3193525668671001
6.3500000000000005,0.0,0.9982562986690452,0.0017437013309548055,-0.4999999999999999,0.10617416836411978,0.32584377907844086
6.4,0.0,0.9983411989198255,0.0016588010801744657,-0.5,0.11057700491440092,0.33253120893293747
6.45,0.0,0.9984219719395961,0.0015780280604038577,-0.5000000000000002,0.11520558100016351,0.33941947645968035
6.5,0.0,0.998498817743263,0.0015011822567370103,-0.49999999999999994,0.12007147047253204,0.34651330489972826
6.550000000000001,0.0,0.9985719267115775,0.0014280732884225378,-0.5000000000000002,0.12518684058972532,0.35381752442427905
6.6000000000000005,0.0,0.9986414800495711,0.0013585199504289047,-0.49999999999999983,0.130564482441506,0.361337075929811
6.65,0.0,0.9987076502237127,0.0012923497762873382,-0.5000000000000001,0.13621784293358827,0.36907701490825495
6.7,0.0,0.9987706013787226,0.0012293986212773556,-0.43349766967595216,0.14216105841192336,0.37704251539040445
6.75,0.0,0.9988304897349445,0.0011695102650555178,-0.37204884587894327,0.14840899001086558,0.38523887396116396
6.800000000000001,0.0,0.9988874639671398,0.0011125360328602119,-0.33344568239508154,0.1549772608138482,0.3936715138460595
6.8500000000000005,0.0,0.9989416655655341,0.0010583344344659018,-0.3036403110059124,0.16188229491910583,0.40234598906799834
6.9,0.0,0.9989932291799144,0.0010067708200856007,-0.2789829113400617,0.16914135850857373,0.41126798867474934
6.95,0.0,0.9990422829475397,0.0009577170524602829,-0.2578429561246297,0.1767726030223114,0.420443341036948
7.0,0.0,0.9990889488055994,0.0009110511944006028,-0.23931673629547456,0.18479511054657133,0.4298780182174605
7.050000000000001,0.0,0.9991333427889207,0.0008666572110792581,-0.22283799551805172,0.19322894152883965,0.4395781404128732
7.1,0.0,0.9991755753136017,0.0008244246863983173,-0.20802226466210638,0.20209518493962003,0.44954998046893524
7.15,0.0,0.9992157514472091,0.0007842485527909115,-0.19459322437062954,0.21141601100565832,0.45979996847070176
7.200000000000001,0.0,0.9992539711661633,0.0007460288338366761,-0.18234366835076643,0.22121472664703964,0.4703346964099498
7.25,0.0,0.9992903296008995,0.000709670399100526,-0.1711130185079277,0.23151583375688137,0.48116092293211155
7.300000000000001,0.0,0.9993249172693672,0.00067508273063277,-0.1607735251899025,0.24234509046852054,0.49228557816426083
7.35,0.0,0.9993578202994141,0.0006421797005858876,-0.1512213612670763,0.2537295755644625,0.503715768627966
7.4,0.0,0.9993891206405656,0.0006108793594343798,-0.14237063483058243,0.2656977561873119,0.5154587822389991
7.450000000000001,0.0,0.9994188962656985,0.0005811037343015357,-0.13414922516181993,0.27827955902267304,0.5275220933976823
7.5,0.0,0.9994472213630764,0.000552778636923601,-0.12649580262121884,0.29150644513106466,0.5399133681722139
7.550000000000001,0.0,0.9994741665192033,0.0005258334807967113,-0.11935764291061468,0.3054114886174173,0.552640469579832
7.6,0.0,0.9994997988929205,0.0005002011070794898,-0.11268898955283135,0.3200294593333774,0.5657114629679846
7.65,0.0,0.9995241823811616,0.00047581761883841445,-0.10644980407374138,0.33539690981959397,0.5791346214996941
7.700000000000001,0.0,0.9995473777767595,0.0004526222232404953,-0.1006047963141079,0.35155226670718837,0.592918431748574
7.75,0.0,0.9995694429186754,0.0004305570813245563,-0.09512266102541078,0.36853592680308744,0.6070715994041291
7.800000000000001,0.0,0.9995904328350139,0.0004095671649860799,-0.0899754689590988,0.3863903581038958,0.6216030550953686
7.85,0.0,0.9996103998791612,0.0003896001208387734,-0.08513817543298008,0.4051602059880672,0.636521960334494
7.9,0.0,0.9996293938593735,0.0003706061406264505,-0.08058821945848504,0.42489240485174884,0.6518377135850217
7.950000000000001,0.0,0.9996474621621289,0.00035253783787114745,-0.07630519355177756,0.44563629547061145,0.6675599564612991
8.0,0.0,0.9996646498695336,0.00033535013046637197,-0.07227056934467746,0.4674437483757952,0.6836985800598062
8.05,0.0,0.9996809998710731,0.0003190001289269384,-0.06846746770253409,0.4903692935583053,0.7002637314314553
8.1,0.0,0.9996965529699712,0.000303447030028825,-0.06488046468327613,0.5144702568236008,0.7172658201975058
8.15,0.0,0.9997113479844154,0.00028865201558458953,-0.061495426614154525,0.5398069031323778,0.7347155253105638
8.200000000000001,0.0,0.9997254218438986,0.0002745781561014349,-0.05829936901508215,0.5664425872976856,0.7526238019739249
8.25,0.0,0.9997388096809043,0.00026119031909566104,-0.05528033520269693,0.5944439124048974,0.7710018887168159
8.3,0.0,0.9997515449181605,0.0002484550818394604,-0.052427291250185526,0.6238808963505639,0.7898613146309698
8.35,0.0,0.9997636593516778,0.00023634064832223078,-0.04973003462815362,0.6548271469290544,0.8092139067817943
8.4,0.0,0.9997751832297667,0.00022481677023333813,-0.04717911436267874,0.6873600458849494,0.8290717977865062
8.450000000000001,0.0,0.9997861453282355,0.0002138546717644907,-0.044765760941436916,0.7215609424120016,0.8494474335778534
8.5,0.0,0.9997965730219448,0.00020342697805519894,-0.04248182451836913,0.757515356565154,0.8703535813479221
8.55,0.0,0.9998064923528988,0.00019350764710124313,-0.0403197202167046,0.7953131931082719,0.8918033376862142
8.600000000000001,0.0,0.9998159280950366,0.00018407190496338988,-0.03827237953468576,0.8350489663204693,0.9138101369105451
8.65,0.0,0.9998249038158853,0.00017509618411470917,-0.03633320702060572,0.8768220363325466,0.93638775960205
8.700000000000001,0.0,0.9998334419352227,0.00016655806477727797,-0.03449604151808461,0.9207368575773434,0.9595503413460617
8.75,0.0,0.9998415637808975,0.00015843621910249794,-0.03275512139071546,0.966903239982722,0.9833123816889128
8.8,0.0,0.9998492896419403,0.00015071035805969135,-0.031105053225707113,1.0154366235520793,1.0076887533122911
8.850000000000001,0.0,0.9998566388190987,0.00014336118090130245,-0.029540783589717012,1.0664583670228336,1.0326947114335552
8.9,0.0,0.9998636296729204,0.0001363703270795824,-0.028057573471821584,1.1200960513310496,1.0583459034413323
8.950000000000001,0.0,0.9998702796695016,0.00012972033049840626,-0.026650975100668717,1.1764837986274572,1.0846583787660782
9.0,0.0,0.9998766054240137,0.0001233945759863131,-0.025316810865379513,1.2357626076469792,1.1116485989947449
9.05,0.0,0.9998826227421188,0.00011737725788119047,-0.024051154105931838,1.2980807062930872,1.1393334482464241
9.100000000000001,0.0,0.9998883466593704,0.00011165334062956944,-0.022850311571116277,1.363593922272164,1.167730243794415
9.15,0.0,0.9998937914787018,0.00010620852129816782,-0.021710807366123186,1.432466072748157,1.1968567469618732
9.200000000000001,0.0,0.9998989708060922,0.00010102919390775345,-0.020629368235752565,1.5048693739677879,1.226731174287092
9.25,0.0,0.9999038975845005,9.610241549951049e-05,-0.019602910047374578,1.5809848719002715,1.2573722089740458
9.3,0.0,0.9999085841261478,9.14158738521964e-05,-0.01862852535494053,1.6610028949377849,1.288799012622909
9.350000000000001,0.0,0.999913042143232,8.695785676804402e-05,-0.017703471938515847,1.7451235298153258,1.321031237259485
9.4,0.0,0.9999172827771484,8.271722285158045e-05,-0.016825162226472012,1.833557121943045,1.3540890376718382
9.450000000000001,0.0,0.9999213166262887,7.868337371130796e-05,-0.015991153518452594,1.9265248013537186,1.3879930840439079
9.5,0.0,0.9999251537724895,7.484622751052772e-05,-0.01519913893491387,2.02425903567929,1.4227645749312463
9.55,0.0,0.9999288038061921,7.119619380790976e-05,-0.014446939029295613,2.1270042114076313,1.4584252505382753
9.600000000000001,0.0,0.9999322758503804,6.772414961964124e-05,-0.013732494003393159,2.235017245000117,1.4949974063523044
9.65,0.0,0.9999355785833519,6.44214166480861e-05,-0.013053856474694592,2.3485682252924005,1.5325039071051012
9.700000000000001,0.0,0.9999387202603833,6.127973961667088e-05,-0.012409184748150448,2.4679410888920956,1.5709682011078696
9.75,0.0,0.9999417087343389,5.829126566114784e-05,-0.011796736551156428,2.593434330137455,1.6104143349267153
9.8,0.0,0.9999445514752772,5.5448524722834236e-05,-0.011214863193231062,2.7253617474901017,1.6508669684411588
9.850000000000001,0.0,0.999947255589104,5.274441089597737e-05,-0.010662004116397394,2.8640532282140447,1.6923513902892757
9.9,0.0,0.9999498278353162,5.017216468383712e-05,-0.010136681805573033,3.00985557325644,1.734893533694918
9.950000000000001,0.0,0.9999522746438816,4.7725356118411e-05,-0.009637497030777098,3.1631333644302027,1.7785199926990427
10.0,0.0,0.9999546021312976,4.5397868702390376e-05,-0.009163124395875855,3.324269876034232,1.823258038795999
10.05,0.0,0.9999568161158681,4.318388413193652e-05,-0.00871230817047497,3.493668033288898,1.8691356380126345
10.100000000000001,0.0,0.9999589221322353,4.107786776474942e-05,-0.008283858384439347,3.67175141982446,1.9161814683960545
10.15,0.0,0.9999609254452048,3.907455479523758e-05,-0.007876647165450112,3.858965336862507,1.964424937955764
10.200000000000001,0.0,0.9999628310628971,3.7168937102927124e-05,-0.007489605302190894,4.0557779167161305,2.0138962030641325
10.25,0.0,0.9999646437492582,3.53562507418026e-05,-0.007121719017227579,4.262681293346932,2.0646261873150142
10.3,0.0,0.9999663680359613,3.3631964038716156e-05,-0.006772026934747211,4.480192832972747,2.11664660086958
10.350000000000001,0.0,0.9999680082337282,3.1991766271777244e-05,-0.00643961722979991,4.708856427748956,2.1699899602875945
10.4,0.0,0.9999695684430994,3.043155690063415e-05,-0.0061236249466833925,4.949243855720232,2.224689608848891
10.450000000000001,0.0,0.99997105256468,2.8947435320003656e-05,-0.005823229474713587,5.201956210723075,2.280779737441359
10.5,0.0,0.9999724643088853,2.7535691114688454e-05,-0.0055376521716549165,5.467625405246561,2.3382954058986134
10.55,0.0,0.9999738072052126,2.6192794787438523e-05,-0.005266154124248246,5.7469157506655195,2.397272564950744
10.600000000000001,0.0,0.9999750846110607,2.4915388939339422e-05,-0.0050080340374671906,6.040525618390682,2.457748078707556
10.65,0.0,0.9999762997201188,2.3700279881189168e-05,-0.004762626244327661,6.349189185875175,2.5197597476495996
10.700000000000001,0.0,0.9999774555703496,2.2544429650439568e-05,-0.004529298827696815,6.673678272928187,2.583346332361998
10.75,0.0,0.9999785550515792,2.144494842082345e-05,-0.004307451848428623,7.014804271274873,2.6485475776876037
10.8,0.0,0.9999796009127201,2.03990872799098e-05,-0.004096515672081247,7.373420173521469,2.715404237589952
10.850000000000001,0.0,0.9999805957686416,1.9404231358377544e-05,-0.0038959493884740404,7.750422706304486,2.7839581006732996
10.9,0.0,0.9999815421067044,1.84578932955759e-05,-0.0037052393187595456,8.146754572313773,2.8542520162581604
10.950000000000001,0.0,0.9999824422929775,1.7557707022497482e-05,-0.0035238976042093473,8.563406807625102,2.926329921185426
11.0,0.0,0.999983298578152,1.6701421847953313e-05,-0.0033514608720692785,9.001421259861354,3.00023686729254
-1.0,0.2,0.2689414213699951,0.7310585786300049,-0.5999999999999996,0.017299219559346737,0.13152649755599338
-0.95,0.2,0.27888482197713693,0.7211151780228631,-0.5999999999999999,0.017285147635895254,0.13147299203979215
-0.9,0.2,0.289050497374996,0.710949502625004,-0.5999999999999999,0.01727199264224897,0.13142295325493553
-0.85,0.2,0.29943285752602705,0.700567142473973,-0.6,0.01725972225701058,0.1313762621519222
-0.8,0.2,0.31002551887238755,0.6899744811276125,-0.6000000000000003,0.017248306313569224,0.1313328074533139
-0.75,0.2,0.320821300824607,0.679178699175393,-0.5999999999999999,0.01723771672976687,0.13129248542763927
-0.7,0.2,0.3318122278318339,0.6681877721681662,-0.6000000000000002,0.01722792744226399,0.13125519967705657
-0.6499999999999999,0.2,0.3429895373265012,0.6570104626734987,-0.6000000000000003,0.01721891434548593,0.1312208609386706
-0.6,0.2,0.35434369377420455,0.6456563062257954,-0.5999999999999999,0.01721065523503665,0.13118938689938547
-0.55,0.2,0.36586440898919936,0.6341355910108006,-0.6000000000000001,0.017203129755475024,0.1311607020241773
-0.5,0.2,0.3775406687981454,0.6224593312018546,-0.6000000000000002,0.017196319352355036,0.13113473739766682
-0.44999999999999996,0.2,0.389360766050778,0.6106392339492219,-0.6000000000000004,0.01719020722843878,0.13111143057887356
-0.3999999999999999,0.2,0.401312339887548,0.598687660112452,-0.5999999999999999,0.017184778303998324,0.1310907254690366
-0.35,0.2,0.41338242108267,0.58661757891733,-0.5999999999999999,0.01718001918112971,0.1310725721923916
-0.29999999999999993,0.2,0.4255574831883411,0.5744425168116589,-0.5999999999999996,0.01717591811200982,0.1310569269898002
-0.25,0.2,0.43782349911420193,0.5621765008857981,-0.6000000000000001,0.017172464971033776,0.1310437521251348
-0.19999999999999996,0.2,0.45016600268752216,0.5498339973124778,-0.5999999999999999,0.01716965123077834,0.13103301580433208
-0.1499999999999999,0.2,0.46257015465625045,0.5374298453437496,-0.6,0.017167469941743348,0.1310246921070351
-0.09999999999999998,0.2,0.47502081252106,0.52497918747894,-0.5999999999999999,0.01716591571583168,0.13101876093076015
-0.04999999999999993,0.2,0.48750260351578967,0.5124973964842103,-0.5999999999999999,0.01716498471353412,0.13101520794752844
0.0,0.2,0.5,0.5,-0.5999999999999999,0.017164674634794153,0.13101402457292177
0.050000000000000044,0.2,0.5124973964842104,0.48750260351578956,-0.6000000000000001,0.017164984713534132,0.1310152079475285
0.10000000000000009,0.2,0.52497918747894,0.47502081252106,-0.5999999999999996,0.017165915715831676,0.13101876093076012
0.15000000000000013,0.2,0.5374298453437496,0.4625701546562504,-0.6000000000000003,0.017167469941743344,0.1310246921070351
0.20000000000000018,0.2,0.549833997312478,0.45016600268752205,-0.5999999999999999,0.01716965123077834,0.13103301580433208
0.25,0.2,0.5621765008857981,0.43782349911420193,-0.5999999999999999,0.017172464971033776,0.1310437521251348
0.30000000000000004,0.2,0.574442516811659,0.42555748318834097,-0.5999999999999996,0.01717591811200982,0.1310569269898002
0.3500000000000001,0.2,0.5866175789173301,0.41338242108266987,-0.5999999999999999,0.01718001918112971,0.1310725721923916
0.40000000000000013,0.2,0.5986876601124521,0.4013123398875479,-0.5999999999999999,0.017184778303998324,0.1310907254690366
0.4500000000000002,0.2,0.610639233949222,0.38936076605077796,-0.5999999999999999,0.017190207228438788,0.1311114305788736
0.5,0.2,0.6224593312018546,0.3775406687981454,-0.5999999999999999,0.01719631935235505,0.13113473739766687
0.55,0.2,0.6341355910108007,0.36586440898919925,-0.5999999999999996,0.017203129755475038,0.13116070202417734
0.6000000000000001,0.2,0.6456563062257954,0.3543436937742046,-0.5999999999999999,0.01721065523503665,0.13118938689938547
0.6500000000000001,0.2,0.6570104626734988,0.34298953732650117,-0.6000000000000003,0.01721891434548593,0.1312208609386706
0.7000000000000002,0.2,0.6681877721681662,0.33181222783183384,-0.6000000000000002,0.01722792744226399,0.13125519967705657
0.75,0.2,0.679178699175393,0.320821300824607,-0.5999999999999999,0.01723771672976687,0.13129248542763927
0.8,0.2,0.6899744811276125,0.3100255188723875,-0.5999999999999999,0.017248306313569238,0.13133280745331397
0.8500000000000001,0.2,0.700567142473973,0.299432857526027,-0.6000000000000001,0.01725972225701058,0.1313762621519222
0.9000000000000001,0.2,0.710949502625004,0.289050497374996,-0.5999999999999999,0.01727199264224897,0.13142295325493553
0.9500000000000002,0.2,0.7211151780228631,0.27888482197713693,-0.5999999999999999,0.017285147635895275,0.13147299203979224
1.0,0.2,0.7310585786300049,0.2689414213699951,-0.5999999999999996,0.017299219559346744,0.1315264975559934
1.0500000000000003,0.2,0.740774899182154,0.259225100817846,-0.5999999999999999,0.017314242963947103,0.1315835968650618
1.1,0.2,0.7502601055951177,0.2497398944048823,-0.5999999999999998,0.017330254711104883,0.13164442529444564
1.15,0.2,0.759510916949111,0.240489083050889,-0.6000000000000001,0.017347294057510534,0.13170912670544335
1.2000000000000002,0.2,0.7685247834990178,0.23147521650098224,-0.5999999999999998,0.017365402745597096,0.1317778537751966
1.25,0.2,0.7772998611746911,0.22270013882530892,-0.5999999999999998,0.017384625099397113,0.13185076829278286
1.3000000000000003,0.2,0.7858349830425586,0.2141650169574414,-0.5999999999999996,0.01740500812595187,0.13192804146940054
1.35,0.2,0.7941296281990528,0.20587037180094725,-0.5999999999999996,0.017426601622436925,0.13200985426261527
1.4000000000000004,0.2,0.8021838885585818,0.1978161114414182,-0.6000000000000001,0.017449458289170803,0.13209639771458873
1.4500000000000002,0.2,0.8099984339846871,0.19000156601531293,-0.5999999999999999,0.017473633848679202,0.13218787330416962
1.5,0.2,0.8175744761936437,0.18242552380635635,-0.5999999999999999,0.017499187170990322,0.13228449331267184
1.5500000000000003,0.2,0.8249137318359602,0.17508626816403983,-0.5999999999999999,0.017526180405340715,0.13238648120310742
1.6,0.2,0.8320183851339245,0.16798161486607555,-0.6,0.017554679118472766,0.13249407201257257
1.6500000000000004,0.2,0.8388910504234147,0.16110894957658528,-0.6000000000000002,0.017584752439707,0.13260751275741128
1.7000000000000002,0.2,0.8455347349164652,0.15446526508353475,-0.6,0.017616473212972706,0.13272706285069638
1.75,0.2,0.8519528019683106,0.14804719803168942,-0.5999999999999999,0.017649918155979778,0.1328529945314737
1.8000000000000003,0.2,0.8581489350995123,0.1418510649004877,-0.6,0.017685168026713115,0.13298559330511375
1.85,0.2,0.8641271029909058,0.13587289700909422,-0.6000000000000001,0.01772230779742727,0.1331251583939988
1.9000000000000004,0.2,0.8698915256370021,0.13010847436299788,-0.5999999999999996,0.017761426836314296,0.13327200319764948
1.9500000000000002,0.2,0.8754466418125836,0.12455335818741642,-0.6000000000000001,0.017802619097011255,0.1334264557612592
2.0,0.2,0.8807970779778823,0.11920292202211769,-0.5999999999999999,0.017845983316104822,0.13358885925145414
2.0500000000000003,0.2,0.8859476187202091,0.1140523812797909,-0.6000000000000001,0.017891623218779306,0.13375957243793546
2.1,0.2,0.8909031788043871,0.10909682119561293,-0.6000000000000003,0.017939647732741468,0.13393897017948686
2.1500000000000004,0.2,0.8956687768809987,0.10433122311900134,-0.6000000000000003,0.017990171210538575,0.1341274439126407
2.2,0.2,0.9002495108803148,0.0997504891196852,-0.5999999999999999,0.01804331366036688,0.13432540214109498
2.25,0.2,0.9046505351008906,0.09534946489910945,-0.5999999999999999,0.01809920098544471,0.13453327092375592
2.3000000000000003,0.2,0.9088770389851438,0.09112296101485617,-0.5999999999999999,0.018157965231998183,0.13475149435905406
2.35,0.2,0.9129342275597286,0.08706577244027136,-0.6,0.018219744845875296,0.13498053506293156
2.4000000000000004,0.2,0.9168273035060777,0.08317269649392234,-0.5999999999999996,0.018284684937770423,0.13522087463764765
2.45,0.2,0.9205614508160216,0.07943854918397841,-0.5999999999999999,0.01835293755699872,0.13547301412827104
2.5,0.2,0.9241418199787566,0.07585818002124345,-0.6000000000000001,0.01842466197371506,0.1357374744634475
2.5500000000000003,0.2,0.9275735146384823,0.07242648536151775,-0.5999999999999999,0.01850002496941938,0.13601479687673462
2.6,0.2,0.9308615796566533,0.06913842034334672,-0.5999999999999996,0.0185792011355308,0.13630554330448486
2.6500000000000004,0.2,0.9340109905087812,0.06598900949121878,-0.5999999999999999,0.018662373179747994,0.13661029675594732
2.7,0.2,0.9370266439430035,0.0629733560569965,-0.5999999999999999,0.018749732239837873,0.13692966165092893
2.75,0.2,0.9399133498259924,0.060086650174007605,-0.5999999999999999,0.018841478204412954,0.13726426412002854
2.8000000000000003,0.2,0.9426758241011313,0.057324175898868734,-0.5999999999999999,0.0189378200401659,0.1376147522621245
2.85,0.2,0.9453186827840592,0.05468131721594083,-0.5999999999999999,0.019038976124928202,0.1379817963534618
2.9000000000000004,0.2,0.9478464369215823,0.052153563078417675,-0.5999999999999995,0.019145174585807393,0.13836608900235417
2.95,0.2,0.9502634884414434,0.04973651155855663,-0.5999999999999999,0.01925665364153424,0.13876834524319384
3.0,0.2,0.9525741268224334,0.047425873177566635,-0.5999999999999999,0.019373661948014875,0.13918930256314554
3.05,0.2,0.9547825265167125,0.04521747348328753,-0.6000000000000001,0.019496458945935005,0.13962972085460532
3.1000000000000005,0.2,0.9568927450589139,0.04310725494108614,-0.6000000000000001,0.01962531520910035,0.1400903822862239
3.1500000000000004,0.2,0.958908721799535,0.04109127820046499,-0.5999999999999996,0.01976051279202075,0.14057209108503987
3.2,0.2,0.9608342772032357,0.039165722796764335,-0.6000000000000002,0.019902345575054027,0.14107567322204784
3.25,0.2,0.9626731126558706,0.03732688734412937,-0.6000000000000001,0.020051119605217077,0.14160197599333518
3.3,0.2,0.9644288107273639,0.03557118927263614,-0.5999999999999999,0.02020715343054784,0.1421518674887806
3.3500000000000005,0.2,0.9661048358408219,0.03389516415917815,-0.5999999999999996,0.020370778425660284,0.14272623594020928
3.4000000000000004,0.2,0.9677045353015495,0.03229546469845046,-0.6000000000000002,0.020542339105875926,0.1433259889408614
3.45,0.2,0.969231140642852,0.030768859357148015,-0.6000000000000001,0.020722193427038484,0.14395205252805007
3.5,0.2,0.9706877692486436,0.02931223075135636,-0.5999999999999998,0.020910713067824247,0.14460537012097527
3.55,0.2,0.9720774262159271,0.027922573784072924,-0.5999999999999999,0.021108283691048328,0.14528690130582428
3.6000000000000005,0.2,0.973403006423134,0.026596993576865957,-0.5999999999999995,0.021315305180136985,0.14599762046053005
3.6500000000000004,0.2,0.9746672967731284,0.025332703226871645,-0.6000000000000001,0.02153219184659093,0.1467385152118929
3.7,0.2,0.9758729785823308,0.024127021417669203,-0.5999999999999999,0.021759372603899787,0.14751058471818146
3.75,0.2,0.9770226300899744,0.022977369910025636,-0.5999999999999999,0.02199729110299448,0.1483148377708531
3.8000000000000007,0.2,0.9781187290638694,0.02188127093613057,-0.5999999999999999,0.02224640582393164,0.14915229070963557
3.8500000000000005,0.2,0.9791636554813196,0.02083634451868044,-0.5999999999999999,0.022507190118107222,0.15002396514593
3.9000000000000004,0.2,0.9801596942659225,0.019840305734077468,-0.6000000000000003,0.022780132194888007,0.15093088549030648
3.95,0.2,0.9811090380629609,0.018890961937039097,-0.6000000000000001,0.023065735046141102,0.15187407628078303
4.0,0.2,0.9820137900379085,0.01798620996209155,-0.6,0.023364516301730757,0.15285455930959585
4.050000000000001,0.2,0.9828759666842724,0.01712403331572765,-0.5999999999999999,0.02367700800864984,0.15387335054729212
4.1000000000000005,0.2,0.9836975006285591,0.016302499371440904,-0.6000000000000001,0.024003756326062466,0.15493145686419676
4.15,0.2,0.9844802434215911,0.015519756578408872,-0.5999999999999999,0.024345321128162994,0.15602987255062087
4.2,0.2,0.9852259683067269,0.01477403169327307,-0.5999999999999999,0.024702275506413005,0.15716957563858536
4.25,0.2,0.9859363729567544,0.014063627043245597,-0.5999999999999999,0.02507520516241252,0.1583515240293333
4.300000000000001,0.2,0.9866130821723351,0.01338691782766488,-0.5999999999999998,0.025464707682402134,0.1595766514324766
4.3500000000000005,0.2,0.9872576505358884,0.012742349464111569,-0.5999999999999999,0.025871391684193494,0.1608458631242765
4.4,0.2,0.9878715650157257,0.012128434984274294,-0.5999999999999999,0.02629587582719861,0.16216003153427977
4.45,0.2,0.9884562475160777,0.011543752483922254,-0.5999999999999999,0.026738787676188567,0.16351999167132
4.5,0.2,0.9890130573694068,0.010986942630593188,-0.5999999999999999,0.02720076240946839,0.16492653640172156
4.550000000000001,0.2,0.9895432937680818,0.01045670623191819,-0.5999999999999999,0.027682441362339886,0.16638041159445388
4.6000000000000005,0.2,0.9900481981330957,0.009951801866904253,-0.5999999999999996,0.028184470397031165,0.167882311149898
4.65,0.2,0.9905289564180538,0.00947104358194617,-0.6000000000000002,0.02870749809073899,0.16943287193085937
4.7,0.2,0.990986701347152,0.009013298652847945,-0.6000000000000001,0.029252173734073055,0.17103266861647531
4.75,0.2,0.991422514586288,0.00857748541371195,-0.5999999999999999,0.02981914513300685,0.17268220850164864
4.800000000000001,0.2,0.9918374288468401,0.008162571153159881,-0.6000000000000002,0.03040905620848484,0.17438192626670013
4.8500000000000005,0.2,0.9922324299219849,0.007767570078015096,-0.6000000000000001,0.031022544389093354,0.1761321787439574
4.9,0.2,0.9926084586557181,0.007391541344281882,-0.5999999999999999,0.031660237793700814,0.17793323971001263
4.95,0.2,0.9929664128450049,0.007033587154995136,-0.5999999999999999,0.032322752202733465,0.17978529473439553
5.0,0.2,0.9933071490757153,0.006692850924284732,-0.5999999999999999,0.03301068781878605,0.18168843611739866
5.050000000000001,0.2,0.9936314844931846,0.0063685155068153865,-0.6000000000000002,0.03372462581955194,0.1836426579516642
5.1000000000000005,0.2,0.9939401985084158,0.006059801491584249,-0.5999999999999998,0.03446512470865806,0.18564785134403808
5.15,0.2,0.994234034441075,0.005765965558924946,-0.5999999999999999,0.035232716472839515,0.1877037998359104
5.2,0.2,0.9945137011005495,0.005486298899450515,-0.6000000000000001,0.036027902557010744,0.18981017506185158
5.25,0.2,0.9947798743064417,0.005220125693558342,-0.6000000000000001,0.03685114967220621,0.1919665326878782
5.300000000000001,0.2,0.995033198349943,0.004966801650057029,-0.6000000000000003,0.03770288545494098,0.19417230867181082
5.3500000000000005,0.2,0.9952742873976046,0.004725712602395404,-0.5999999999999996,0.03858349400040645,0.19642681588929362
5.4,0.2,0.9955037268390589,0.004496273160941144,-0.5999999999999998,0.039493311295847995,0.19872924116960744
5.45,0.2,0.9957220745802952,0.004277925419704842,-0.5999999999999999,0.04043262058460985,0.2010786427858758
5.5,0.2,0.995929862284104,0.004070137715896038,-0.5999999999999999,0.041401647695410826,0.20347394844404731
5.550000000000001,0.2,0.9961275965593289,0.0038724034406710794,-0.5999999999999999,0.0424005563755643,0.20591395381460748
5.6000000000000005,0.2,0.9963157601005641,0.0036842398994358927,-0.5999999999999999,0.04342944367081232,0.2083973216498051
5.65,0.2,0.9964948127799336,0.0035051872200664302,-0.5999999999999998,0.044488335398237516,0.21092258152752993
5.7,0.2,0.9966651926925867,0.003334807307413312,-0.5999999999999999,0.0455771817622267,0.21348813026074
5.75,0.2,0.9968273171575148,0.003172682842485175,-0.5999999999999999,0.04669585316645096,0.21609223300815547
5.800000000000001,0.2,0.9969815836752917,0.0030184163247083395,-0.5999999999999999,0.047844136277458246,0.2187330251184266
5.8500000000000005,0.2,0.9971283708442995,0.0028716291557004947,-0.5999999999999999,0.04902173039727307,0.22140851473525824
5.9,0.2,0.997268039236989,0.0027319607630109655,-0.6,0.05022824420361808,0.2241165861858914
5.95,0.2,0.9974009322376768,0.002599067762323215,-0.6000000000000001,0.05146319291655296,0.22685500416907925
6.0,0.2,0.9975273768433653,0.002472623156634657,-0.6,0.052725995949745516,0.22962141875213976
6.050000000000001,0.2,0.997647684429022,0.0023523155709780363,-0.6,0.05401597510273141,0.23241337117887906
6.1000000000000005,0.2,0.9977621514787236,0.0022378485212763977,-0.6,0.05533235334773297,0.2352283004821762
6.15,0.2,0.9978710602840357,0.0021289397159642842,-0.5999999999999996,0.056674254260562267,0.23806355088623346
6.2,0.2,0.9979746796109501,0.0020253203890499005,-0.5999999999999999,0.05804070213988473,0.2409163799742241
6.25,0.2,0.9980732653366725,0.0019267346633274895,-0.6,0.059430622852783985,0.24378396758766557
6.300000000000001,0.2,0.9981670610575072,0.0018329389424928122,-0.5999999999999999,0.060842845437007145,0.24666342541407946
6.3500000000000005,0.2,0.9982562986690452,0.0017437013309548055,-0.5999999999999999,0.06227610448167645,0.24955180720979853
6.4,0.2,0.9983411989198255,0.0016588010801744657,-0.5999999999999996,0.06372904329875007,0.2524461195953506
6.45,0.2,0.9984219719395961,0.0015780280604038577,-0.6000000000000002,0.06520021788715258,0.25534333335169057
6.5,0.2,0.998498817743263,0.0015011822567370103,-0.6000000000000001,0.06668810168054397,0.2582403951370582
6.550000000000001,0.2,0.9985719267115775,0.0014280732884225378,-0.6000000000000003,0.06819109105834142,0.2611342395365675
6.6000000000000005,0.2,0.9986414800495711,0.0013585199504289047,-0.5999999999999998,0.06970751158800322,0.26402180134981884
6.65,0.2,0.9987076502237127,0.0012923497762873382,-0.6000000000000002,0.0712356249551709,0.2669000280164296
6.7,0.2,0.9987706013787226,0.0012293986212773556,-0.6000000000000003,0.07277363652705957,0.26976589207507234
6.75,0.2,0.9988304897349445,0.0011695102650555178,-0.5999999999999999,0.07431970348394674,0.2726164035489184
6.800000000000001,0.2,0.9988874639671398,0.0011125360328602119,-0.5999999999999999,0.07587194344400292,0.27544862214939997
6.8500000000000005,0.2,0.9989416655655341,0.0010583344344659018,-0.5999999999999999,0.07742844349798665,0.27825966919046435
6.9,0.2,0.9989932291799144,0.0010067708200856007,-0.5999999999999999,0.07898726956329818,0.2810467391081031
6.95,0.2,0.9990422829475397,0.0009577170524602829,-0.6,0.08054647596099175,0.28380711048349677
7.0,0.2,0.9990889488055994,0.0009110511944006028,-0.5999999999999999,0.08210411511545353,0.2865381564738866
7.050000000000001,0.2,0.9991333427889207,0.0008666572110792581,-0.5999999999999999,0.08365824727416293,0.28923735456224
7.1,0.2,0.9991755753136017,0.0008244246863983173,-0.6,0.08520695014470314,0.29190229554544983
7.15,0.2,0.9992157514472091,0.0007842485527909115,-0.5427872514178139,0.0867483283474679,0.2945306916901325
7.200000000000001,0.2,0.9992539711661633,0.0007460288338366761,-0.49557038237718254,0.08828052258608779,0.2971203839962647
7.25,0.2,0.9992903296008995,0.000709670399100526,-0.4652162969978688,0.0898017184425473,0.29966934852024374
7.300000000000001,0.2,0.9993249172693672,0.00067508273063277,-0.44165038297461623,0.0913101547104946,0.3021757017208607
7.35,0.2,0.9993578202994141,0.0006421797005858876,-0.4221052591098004,0.09280413118860531,0.30463770480458474
7.4,0.2,0.9993891206405656,0.0006108793594343798,-0.4053239541405246,0.09428201586484539,0.30705376705854853
7.450000000000001,0.2,0.9994188962656985,0.0005811037343015357,-0.39060375015369386,0.09574225143294011,0.3094224481723007
7.5,0.2,0.9994472213630764,0.000552778636923601,-0.3775019427959706,0.09718336109308327,0.31174245956090624
7.550000000000001,0.2,0.9994741665192033,0.0005258334807967113,-0.3657168294337746,0.09860395360060178,0.3140126647137051
7.6,0.2,0.9994997988929205,0.0005002011070794898,-0.35503098397224453,0.10000272753749474,0.3162320786028747
7.65,0.2,0.9995241823811616,0.00047581761883841445,-0.34528102404101,0.10137847479347993,0.3183998661957632
7.700000000000001,0.2,0.9995473777767595,0.0004526222232404953,-0.3363401268162044,0.10273008325442176,0.32051534012340466
7.75,0.2,0.9995694429186754,0.0004305570813245563,-0.32810726450464966,0.10405653870610773,0.3225779575639162
7.800000000000001,0.2,0.9995904328350139,0.0004095671649860799,-0.320500239614931,0.10535692597195835,0.3245873164064769
7.85,0.2,0.9996103998791612,0.0003896001208387734,-0.31345099287717504,0.10663042931157068,0.3265431507650569
7.9,0.2,0.9996293938593735,0.0003706061406264505,-0.3069023342689269,0.1078763321152153,0.3284453259147027
7.950000000000001,0.2,0.9996474621621289,0.00035253783787114745,-0.30080559996684986,0.10909401593645018,0.33029383272542373
8.0,0.2,0.9996646498695336,0.00033535013046637197,-0.29511893163279823,0.11028295891012287,0.33208878166858163
8.05,0.2,0.9996809998710731,0.0003190001289269384,-0.2898059858232861,0.11144273360825564,0.3338303964714053
8.1,0.2,0.9996965529699712,0.000303447030028825,-0.2848349479808371,0.11257300438904184,0.3355190074929315
8.15,0.2,0.9997113479844154,0.00028865201558458953,-0.28017776675111794,0.11367352429635828,0.33715504489234366
8.200000000000001,0.2,0.9997254218438986,0.0002745781561014349,-0.2758095507074976,0.1147441315690456,0.33873903165865843
8.25,0.2,0.9997388096809043,0.00026119031909566104,-0.27170808682298364,0.11578474581822355,0.34027157656528345
8.3,0.2,0.9997515449181605,0.0002484550818394604,-0.2678534515945614,0.11679536393069584,0.3417533671095222
8.35,0.2,0.9997636593516778,0.00023634064832223078,-0.2642276936434993,0.11777605575524906,0.3431851624928576
8.4,0.2,0.9997751832297667,0.00022481677023333813,-0.2608145721447219,0.11872695962520068,0.34456778669109606
8.450000000000001,0.2,0.9997861453282355,0.0002138546717644907,-0.25759933935339885,0.11964827776910684,0.34590212166031425
8.5,0.2,0.9997965730219448,0.00020342697805519894,-0.25456855832735736,0.12054027165693308,0.3471891007173657
8.55,0.2,0.9998064923528988,0.00019350764710124313,-0.25170994900564736,0.12140325732629434,0.34842970212984764
8.600000000000001,0.2,0.9998159280950366,0.00018407190496338988,-0.24901225733572774,0.12223760072870724,0.34962494294416013
8.65,0.2,0.9998249038158853,0.00017509618411470917,-0.24646514328598867,0.12304371313229746,0.3507758730760961
8.700000000000001,0.2,0.9998334419352227,0.00016655806477727797,-0.2440590844503363,0.12382204661285859,0.3518835696830112
8.75,0.2,0.9998415637808975,0.00015843621910249794,-0.24178529261544124,0.12457308966137381,0.35294913183258264
8.8,0.2,0.9998492896419403,0.00015071035805969135,-0.2396356411762297,0.12529736293176869,0.3539736754785145
8.850000000000001,0.2,0.9998566388190987,0.00014336118090130245,-0.23760260168514258,0.12599541514902646,0.354958328750047
8.9,0.2,0.9998636296729204,0.0001363703270795824,-0.23567918813591626,0.12666781919407788,0.3559042275585918
8.950000000000001,0.2,0.9998702796695016,0.00012972033049840626,-0.233858907833131,0.12731516837813228,0.35681251152129223
9.0,0.2,0.9998766054240137,0.0001233945759863131,-0.23213571789719234,0.12793807291617326,0.3576843201989336
9.05,0.2,0.9998826227421188,0.00011737725788119047,-0.23050398661434046,0.12853715660650356,0.3585207896433672
9.100000000000001,0.2,0.9998883466593704,0.00011165334062956944,-0.2289584589728788,0.1291130537197983,0.35932304924649394
9.15,0.2,0.9998937914787018,0.00010620852129816782,-0.22749422582949708,0.12966640609971478,0.36009221888248955
9.200000000000001,0.2,0.9998989708060922,0.00010102919390775345,-0.22610669623801272,0.130197860474222,0.36082940633244126
9.25,0.2,0.9999038975845005,9.610241549951049e-05,-0.22479157254273874,0.1307080659753725,0.3615357049799819
9.3,0.2,0.9999085841261478,9.14158738521964e-05,-0.22354482789851438,0.1311976718632544,0.362212191765068
9.350000000000001,0.2,0.999913042143232,8.695785676804402e-05,-0.2223626859271426,0.13166732544894624,0.3628599253829861
9.4,0.2,0.9999172827771484,8.271722285158045e-05,-0.22124160226144785,0.1321176702099474,0.3634799447149009
9.450000000000001,0.2,0.9999213166262887,7.868337371130796e-05,-0.22017824776298278,0.13254934409041685,0.36407326747567836
9.5,0.2,0.9999251537724895,7.484622751052772e-05,-0.21916949322638424,0.13296297797860337,0.36464088906567155
9.55,0.2,0.9999288038061921,7.119619380790976e-05,-0.21821239541071968,0.1333591943521573,0.3651837816116117
9.600000000000001,0.2,0.9999322758503804,6.772414961964124e-05,-0.21730418425574582,0.13373860608290597,0.36570289318366894
9.65,0.2,0.9999355785833519,6.44214166480861e-05,-0.21644225116135718,0.13410181539137533,0.36619914717456037
9.700000000000001,0.2,0.9999387202603833,6.127973961667088e-05,-0.21562413822150162,0.13444941294210438,0.36667344182815365
9.75,0.2,0.9999417087343389,5.829126566114784e-05,-0.21484752831884757,0.13478197706996414,0.3671266499043132
9.8,0.2,0.9999445514752772,5.5448524722834236e-05,-0.2141102359958068,0.135100073128569,0.36755961846830915
9.850000000000001,0.2,0.999947255589104,5.274441089597737e-05,-0.21341019902824554,0.13540425295160247,0.3679731687930554
9.9,0.2,0.9999498278353162,5.017216468383712e-05,-0.21274547063661808,0.13569505441809632,0.3683680963629944
9.950000000000001,0.2,0.9999522746438816,4.7725356118411e-05,-0.21211421227603466,0.13597300111320854,0.368745170969341
10.0,0.2,0.9999546021312976,4.5397868702390376e-05,-0.21151468695352393,0.13623860207620492,0.369105136886775
10.05,0.2,0.9999568161158681,4.318388413193652e-05,-0.2109452530257696,0.13649235162794007,0.3694487131225931
10.100000000000001,0.2,0.9999589221322353,4.107786776474942e-05,-0.21040435843647565,0.1367347292700691,0.36977659372933425
10.15,0.2,0.9999609254452048,3.907455479523758e-05,-0.2098905353556274,0.1369661996491349,0.3700894481731881
10.200000000000001,0.2,0.9999628310628971,3.7168937102927124e-05,-0.20940239518733406,0.13718721257878472,0.37038792175067575
10.25,0.2,0.9999646437492582,3.53562507418026e-05,-0.20893862391622875,0.1373982031138023,0.37067263604669054
10.3,0.2,0.9999663680359613,3.3631964038716156e-05,-0.20849797776504686,0.13759959167017255,0.37094418942769886
10.350000000000001,0.2,0.9999680082337282,3.1991766271777244e-05,-0.20807927913892277,0.13779178418565816,0.37120315756423483
10.4,0.2,0.9999695684430994,3.043155690063415e-05,-0.20768141283415553,0.13797517231581294,0.3714500939773914
10.450000000000001,0.2,0.99997105256468,2.8947435320003656e-05,-0.2073033224907529,0.13815013366095805,0.3716855306047816
10.5,0.2,0.9999724643088853,2.7535691114688454e-05,-0.20694400727133122,0.1383170320193705,0.37190997838101963
10.55,0.2,0.9999738072052126,2.6192794787438523e-05,-0.20660251874851543,0.1384762176632288,0.3721239278294649
10.600000000000001,0.2,0.9999750846110607,2.4915388939339422e-05,-0.20627795798628024,0.13862802763336976,0.37232784966124916
10.65,0.2,0.9999762997201188,2.3700279881189168e-05,-0.20596947280138878,0.13877278604949397,0.3725221953783344
10.700000000000001,0.2,0.9999774555703496,2.2544429650439568e-05,-0.20567625519102484,0.13891080443334997,0.37270739787848317
10.75,0.2,0.9999785550515792,2.144494842082345e-05,-0.2053975389166992,0.1390423820413505,0.37288387205851437
10.8,0.2,0.9999796009127201,2.03990872799098e-05,-0.2051325972322222,0.1391678062048514,0.3730520154145416
10.850000000000001,0.2,0.9999805957686416,1.9404231358377544e-05,-0.2048807407463369,0.13928735267567988,0.37321220863696286
10.9,0.2,0.9999815421067044,1.84578932955759e-05,-0.20464131541137254,0.1394012859747322,0.37336481619822215
10.950000000000001,0.2,0.9999824422929775,1.7557707022497482e-05,-0.2044137006289073,0.13950985974218763,0.37351018693228116
11.0,0.2,0.999983298578152,1.6701421847953313e-05,-0.2041973074650607,0.1396133170876237,0.37364865460432706
