s,x,y,kappa
0.000000000000000000e+00,0.000000000000000000e+00,0.000000000000000000e+00,4.810879458381122298e+00
1.669449081803005058e-03,1.669430953966234525e-03,6.733751909334705650e-06,4.875388497670466670e+00
3.338898163606010116e-03,3.338751672527592255e-03,2.705554485259241659e-05,4.942441979082911274e+00
5.008347245409014957e-03,5.007847746489712225e-03,6.115096192315112715e-05,5.012170799552252198e+00
6.677796327212020232e-03,6.676599939911656394e-03,1.092119381620623269e-04,5.084714049244150935e+00
8.347245409015024639e-03,8.344883870636041548e-03,1.714371913586551640e-04,5.160219596594139091e+00
1.001669449081802991e-02,1.001256966281116600e-02,2.480324590501325143e-04,5.238844715883514525e+00
1.168614357262103519e-02,1.167952157662318670e-02,3.392109372383203189e-04,5.320756763580144266e+00
1.335559265442404046e-02,1.334559760037287192e-02,4.451934938833631661e-04,5.406133900741609821e+00
1.502504173622704574e-02,1.501064901749722333e-02,5.662091370684660873e-04,5.495165871504370081e+00
1.669449081803004928e-02,1.667451993359179291e-02,7.024953685027326977e-04,5.588054835072161275e+00
1.836393989983305455e-02,1.833704676430004607e-02,8.542985746018346175e-04,5.685016255762894488e+00
2.003338898163605983e-02,1.999805768221137384e-02,1.021874466609664625e-03,5.786279854629254871e+00
2.170283806343906510e-02,2.165737201493588698e-02,1.205488508738257686e-03,5.892090622692138346e+00
2.337228714524207038e-02,2.331479959550832037e-02,1.405416410377794507e-03,6.002709900448975233e+00
2.504173622704507565e-02,2.497014005090449767e-02,1.621944569715803993e-03,6.118416518830189332e+00
2.671118530884808093e-02,2.662318203724048371e-02,1.855370625940326980e-03,6.239508009491362195e+00
2.838063439065108620e-02,2.827370240051248901e-02,2.106003953140019556e-03,6.366301873191272165e+00
3.005008347245409148e-02,2.992146526686190536e-02,2.374166210378327643e-03,6.499136908520534384e+00
3.171953255425709328e-02,3.156622105579660886e-02,2.660191932771323840e-03,6.638374595197207739e+00
3.338898163606009856e-02,3.320770539861089832e-02,2.964429089181831820e-03,6.784400514905714275e+00
3.505843071786310383e-02,3.484563796546433223e-02,3.287239696078909749e-03,6.937625803524940515e+00
3.672787979966610911e-02,3.647972118567772287e-02,3.629000433472675136e-03,7.098488610683112654e+00
3.839732888146911438e-02,3.810963885180213701e-02,3.990103266644651724e-03,7.267455539985105517e+00
4.006677796327211966e-02,3.973505460089810093e-02,4.370956089525062337e-03,7.445023037700294388e+00
4.173622704507512493e-02,4.135561025208991243e-02,4.771983337264583923e-03,7.631718675459265633e+00
4.340567612687813021e-02,4.297092400322606587e-02,5.193626632932065064e-03,7.828102279260320984e+00
4.507512520868113548e-02,4.458058845650795382e-02,5.636345379180652225e-03,8.034766812843903594e+00
4.674457429048414076e-02,4.618416847462952085e-02,6.100617350733457921e-03,8.252338930216563284e+00
4.841402337228714603e-02,4.778119884039088577e-02,6.586939221055050121e-03,8.481479061528627739e+00
5.008347245409015130e-02,4.937118171680867501e-02,7.095827048908966150e-03,8.722880887367859160e+00
5.175292153589315658e-02,5.095358388350938045e-02,7.627816668371684324e-03,8.977269998520998939e+00
5.342237061769616185e-02,5.252783373911853321e-02,8.183463971680236468e-03,9.245401505067839310e+00
5.509181969949916713e-02,5.409331806131348341e-02,8.763345063812573790e-03,9.528056306359559358e+00
5.676126878130217240e-02,5.564937849882408555e-02,9.368056213450879841e-03,9.826035648413707690e+00
5.843071786310517768e-02,5.719530780800612807e-02,9.998213607824199545e-03,1.014015356026700765e+01
6.010016694490818295e-02,5.873034580755923106e-02,1.065445280195800523e-02,1.047122662894642353e+01
6.176961602671118823e-02,6.025367506744509077e-02,1.133742783339991740e-02,1.082006052013139907e+01
6.343906510851418656e-02,6.176441634308992706e-02,1.204780992413385585e-02,1.118743253858879072e+01
6.510851419031719878e-02,6.326162376166548362e-02,1.278628565488164684e-02,1.157406940081017233e+01
6.677796327212019711e-02,6.474427981377990637e-02,1.355355454316696691e-02,1.198061933719252892e+01
6.844741235392320933e-02,6.621129019805901961e-02,1.435032589343612601e-02,1.240761753503315390e+01
7.011686143572620766e-02,6.766147859738724790e-02,1.517731478969973867e-02,1.285544390372300683e+01
7.178631051752921988e-02,6.909358149859319564e-02,1.603523709190590729e-02,1.332427217386312179e+01
7.345575959933221821e-02,7.050624321008154560e-02,1.692480329206820858e-02,1.381400947802917401e+01
7.512520868113523043e-02,7.189801125026720752e-02,1.784671104721808482e-02,1.432422579518712880e+01
7.679465776293822876e-02,7.326733238244871604e-02,1.880163626980889402e-02,1.485407319381050151e+01
7.846410684474124098e-02,7.461254956616861223e-02,1.979022258700655415e-02,1.540219545515949484e+01
8.013355592654423931e-02,7.593190021809981261e-02,2.081306907562413891e-02,1.596662982475299231e+01
8.180300500834725153e-02,7.722351620903387948e-02,2.187071618149770413e-02,1.654470405495798602e+01
8.347245409015024986e-02,7.848542609829306516e-02,2.296362981155521468e-02,1.713293379427149787e+01
8.514190317195326208e-02,7.971556016175751491e-02,2.409218368159600498e-02,1.772692763317684950e+01
8.681135225375626041e-02,8.091175880257044095e-02,2.525664012794061331e-02,1.832130961148789083e+01
8.848080133555927262e-02,8.207178493437100597e-02,2.645712975043712500e-02,1.890967146573489899e+01
9.015025041736227096e-02,8.319334088185437182e-02,2.769363044518152045e-02,1.948456891975371974e+01
9.181969949916528317e-02,8.427409021282097901e-02,2.896594658147703602e-02,2.003757723370940980e+01
9.348914858096828151e-02,8.531168475943462504e-02,3.027368931723584469e-02,2.055942047706392373e+01
9.515859766277129372e-02,8.630379676452923365e-02,3.161625920691106539e-02,2.104018553459600938e+01
9.682804674457429206e-02,8.724815575920372157e-02,3.299283242054763116e-02,2.146962553695452414e+01
9.849749582637730427e-02,8.814258931884595694e-02,3.440235192306460854e-02,2.183754781014665269e+01
1.001669449081803026e-01,8.898506640600586937e-02,3.584352490406374214e-02,2.213426957512566418e+01
1.018363939899833148e-01,8.977374154311394683e-02,3.731482750849377666e-02,2.235111174823619962e+01
1.035058430717863132e-01,9.050699770786760356e-02,3.881451754025601331e-02,2.248088990270408871e+01
1.051752921535893254e-01,9.118348564041926785e-02,4.034065528807352641e-02,2.251835456283086856e+01
1.068447412353923237e-01,9.180215725959424422e-02,4.189113200969923900e-02,2.246053150392309661e+01
1.085141903171953220e-01,9.236229113682678515e-02,4.346370498053013509e-02,2.230692411214658222e+01
1.101836393989983343e-01,9.286350845691418443e-02,4.505603745038729013e-02,2.205954777218951079e+01
1.118530884808013326e-01,9.330577859216306058e-02,4.666574145190637707e-02,2.172279481537660217e+01
1.135225375626043448e-01,9.368941413820718045e-02,4.829042119138482470e-02,2.130314364317376175e+01
1.151919866444073431e-01,9.401505610182404882e-02,4.992771481612105766e-02,2.080874666557642527e+01
1.168614357262103554e-01,9.428365053968985887e-02,5.157533259482453836e-02,2.024894330179981949e+01
1.185308848080133537e-01,9.449641845589117073e-02,5.323108998846796253e-02,1.963374818082509776e+01
1.202003338898163659e-01,9.465482104799119445e-02,5.489293461857134432e-02,1.897336098959476658e+01
1.218697829716193642e-01,9.476052243452975921e-02,5.655896668333119243e-02,1.827773485948239696e+01
1.235392320534223765e-01,9.481535179226420473e-02,5.822745286695674150e-02,1.755622746068413065e+01
1.252086811352253748e-01,9.482126659803238877e-02,5.989683419649729362e-02,1.681734579329044976e+01
1.268781302170283731e-01,9.478031832097633114e-02,6.156572857662707954e-02,1.606858430549332084e+01
1.285475792988313992e-01,9.469462148288551595e-02,6.323292888922205091e-02,1.531634753598042309e+01
1.302170283806343976e-01,9.456632643532170146e-02,6.489739760811216729e-02,1.456594327303767678e+01
1.318864774624373959e-01,9.439759640945398489e-02,6.655825883359756112e-02,1.382163014920562816e+01
1.335559265442403942e-01,9.419058848081772461e-02,6.821478857581933508e-02,1.308670367471832741e+01
1.352253756260434203e-01,9.394743839206405600e-02,6.986640398422795661e-02,1.236360644019199917e+01
1.368948247078464187e-01,9.367024881543450920e-02,7.151265209091794972e-02,1.165405066282976065e+01
1.385642737896494170e-01,9.336108063706732851e-02,7.315319850080877206e-02,1.095914396421147963e+01
1.402337228714524153e-01,9.302194680652967063e-02,7.478781634042988569e-02,1.027951182414649445e+01
1.419031719532554414e-01,9.265480830322728178e-02,7.641637567227653471e-02,9.615412352066725177e+00
1.435726210350584398e-01,9.226157178714555762e-02,7.803883349638668365e-02,8.966840762916616470e+00
1.452420701168614381e-01,9.184408854626827101e-02,7.965522439341211902e-02,8.333622241558215293e+00
1.469115191986644364e-01,9.140415438857664443e-02,8.126565181358215428e-02,7.715492770401393585e+00
1.485809682804674625e-01,9.094351018296142897e-02,8.287027998081319957e-02,7.112168054707611375e+00
1.502504173622704609e-01,9.046384278944792634e-02,8.446932635888561303e-02,6.523400981769669649e+00
1.519198664440734592e-01,8.996678616485841162e-02,8.606305461420347969e-02,5.949028170492009160e+00
1.535893155258764575e-01,8.945392247194279556e-02,8.765176800596383155e-02,5.389006170355048475e+00
1.552587646076794836e-01,8.892678304727839877e-02,8.923580313600790181e-02,4.843437804152829429e+00
1.569282136894824820e-01,8.838684912845892749e-02,9.081552399914696871e-02,4.312589069324215707e+00
1.585976627712854803e-01,8.783555225852174297e-02,9.239131628430750920e-02,3.796896941407558401e+00
1.602671118530884786e-01,8.727427431773408795e-02,9.396358189024323071e-02,3.296968394061622121e+00
1.619365609348914770e-01,8.670434716172764622e-02,9.553273363539298291e-02,2.813570983962390137e+00
1.636060100166945031e-01,8.612705185753129211e-02,9.709919015407975085e-02,2.347615433317955524e+00
1.652754590984975014e-01,8.554361754461071998e-02,9.866337098938830763e-02,1.900130819684819672e+00
1.669449081803004997e-01,8.495521995556434836e-02,1.002256919035182520e-01,1.472233189438151291e+00
1.686143572621034981e-01,8.436297965611284921e-02,1.017865604395795376e-01,1.065088679156247498e+00
1.702838063439065242e-01,8.376796007925366161e-02,1.033463717776838819e-01,6.798725085830698012e-01
1.719532554257095225e-01,8.317116544104782849e-02,1.049055049336031498e-01,3.177254726970999976e-01
1.736227045075125208e-01,8.257353863156052798e-02,1.064643193486243256e-01,-2.029024150988412503e-02
1.752921535893155192e-01,8.197595918692290873e-02,1.080231519196386131e-01,-3.332339360601987988e-01
1.769616026711185452e-01,8.137924144420397021e-02,1.095823145105482843e-01,-6.203260006880578770e-01
1.786310517529215436e-01,8.078413297854297737e-02,1.111420919770899352e-01,-8.809823582237569228e-01
1.803005008347245419e-01,8.019131341585751527e-02,1.127027407257281677e-01,-1.114842113996065587e+00
1.819699499165275403e-01,7.960139369685170774e-02,1.142644878112011736e-01,-1.321787161871809113e+00
1.836393989983305663e-01,7.901491585912398530e-02,1.158275305648689135e-01,-1.501952904231468766e+00
1.853088480801335647e-01,7.843235337446770317e-02,1.173920367271906740e-01,-1.655729838998577730e+00
1.869782971619365630e-01,7.785411206787092031e-02,1.189581450474718888e-01,-1.783756208899399232e+00
1.886477462437395614e-01,7.728053161438562524e-02,1.205259662990886549e-01,-1.886902480826687878e+00
1.903171953255425874e-01,7.671188759589034345e-02,1.220955846513745308e-01,-1.966248757859835106e+00
1.919866444073455858e-01,7.614839407352021194e-02,1.236670593312053368e-01,-2.023056650362778708e+00
1.936560934891485841e-01,7.559020662334614560e-02,1.252404265067599554e-01,-2.058737179701994435e+00
1.953255425709515825e-01,7.503742576375981022e-02,1.268157013245597986e-01,-2.074816480433551824e+00
1.969949916527546085e-01,7.449010069894958230e-02,1.283928800351720467e-01,-2.072900852255136872e+00
1.986644407345576069e-01,7.394823329493102615e-02,1.299719421478807702e-01,-2.054642707533365975e+00
2.003338898163606052e-01,7.341178220736534199e-02,1.315528525623110567e-01,-2.021708657438004764e+00
2.020033388981636036e-01,7.288066708023215046e-02,1.331355636329538683e-01,-1.975750563898849066e+00
2.036727879799666296e-01,7.235477274203329368e-02,1.347200171314093808e-01,-1.918380380543257102e+00
2.053422370617696280e-01,7.183395333281032691e-02,1.363061460800295832e-01,-1.851149045053515074e+00
2.070116861435726263e-01,7.131803630527812354e-02,1.378938764383538795e-01,-1.775529619946380810e+00
2.086811352253756247e-01,7.080682625232091743e-02,1.394831286315851848e-01,-1.692904549979894036e+00
2.103505843071786507e-01,7.030010852443469016e-02,1.410738189168641854e-01,-1.604556794958850396e+00
2.120200333889816491e-01,6.979765260892054068e-02,1.426658605873941665e-01,-1.511664488145694207e+00
2.136894824707846474e-01,6.929921525350364597e-02,1.442591650202391940e-01,-1.415298647856675140e+00
2.153589315525876458e-01,6.880454332343544088e-02,1.458536425752510468e-01,-1.316423486099170370e+00
2.170283806343906441e-01,6.831337639013729257e-02,1.474492033560919346e-01,-1.215898820867327590e+00
2.186978297161936702e-01,6.782544905348483755e-02,1.490457578446200693e-01,-1.114484141149924890e+00
2.203672787979966685e-01,6.734049300495564827e-02,1.506432174209921260e-01,-1.012843900628060290e+00
2.220367278797996669e-01,6.685823884462720190e-02,1.522414947827142040e-01,-9.115536603392612180e-01
2.237061769616026652e-01,6.637841766519961273e-02,1.538405042745473184e-01,-8.111067636127913261e-01
2.253756260434056913e-01,6.590076241719082517e-02,1.554401621404792599e-01,-7.119212771052106925e-01
2.270450751252086896e-01,6.542500907586905334e-02,1.570403867099901540e-01,-6.143469726615237159e-01
2.287145242070116880e-01,6.495089762437111780e-02,1.586410985276056895e-01,-5.186721876918557461e-01
2.303839732888146863e-01,6.447817287051398061e-02,1.602422204349259471e-01,-4.251304345164784726e-01
2.320534223706177124e-01,6.400658511734390321e-02,1.618436776141625177e-01,-3.339066631088822845e-01
2.337228714524207107e-01,6.353589069784934540e-02,1.634453975985024343e-01,-2.451431242172206759e-01
2.353923205342237090e-01,6.306585239689758982e-02,1.650473102578579043e-01,-1.589447865792353032e-01
2.370617696160267074e-01,6.259623976578254645e-02,1.666493477626483921e-01,-7.538430274394859743e-02
2.387312186978297335e-01,6.212682935144885760e-02,1.682514445328330832e-01,5.493487695572369690e-03
2.404006677796327318e-01,6.165740484622889844e-02,1.698535371741934918e-01,8.366749986229450597e-02
2.420701168614357301e-01,6.118775717050899121e-02,1.714555644055565098e-01,1.591367736536748734e-01
2.437395659432387285e-01,6.071768449874225676e-02,1.730574669798058407e-01,2.319172482178180061e-01
2.454090150250417546e-01,6.024699224103884088e-02,1.746591876019154277e-01,3.020389153339133603e-01
2.470784641068447529e-01,5.977549297809567341e-02,1.762606708428404723e-01,3.695433142044394215e-01
2.487479131886477512e-01,5.930300636972954398e-02,1.778618630546777712e-01,4.344813476468789015e-01
2.504173622704507496e-01,5.882935903035810266e-02,1.794627122844624223e-01,4.969113801618467718e-01
2.520868113522537479e-01,5.835438438762172858e-02,1.810631681907931556e-01,5.568975967662982418e-01
2.537562604340567463e-01,5.787792251830533446e-02,1.826631819607781593e-01,6.145085880633600617e-01
2.554257095158598001e-01,5.739981997621649429e-02,1.842627062311454900e-01,6.698161428814105589e-01
2.570951585976627984e-01,5.691992960624234210e-02,1.858616950110191512e-01,7.228942188714189143e-01
2.587646076794657968e-01,5.643811035310113827e-02,1.874601036083834160e-01,7.738180729324909413e-01
2.604340567612687951e-01,5.595422706440893873e-02,1.890578885594724201e-01,8.226635300417113328e-01
2.621035058430717934e-01,5.546815029205143244e-02,1.906550075618036744e-01,8.695063738429799072e-01
2.637729549248747918e-01,5.497975609167741334e-02,1.922514194101999363e-01,9.144218420354514043e-01
2.654424040066777901e-01,5.448892582519183903e-02,1.938470839370472487e-01,9.574842142104640352e-01
2.671118530884807885e-01,5.399554596237537279e-02,1.954419619548435627e-01,9.987664769110565777e-01
2.687813021702837868e-01,5.349950788586134431e-02,1.970360152020869116e-01,1.038340056599313943e+00
2.704507512520868406e-01,5.300070770292843181e-02,1.986292062936220182e-01,1.076274612026716815e+00
2.721202003338898390e-01,5.249904605582102202e-02,2.002214986715474820e-01,1.112637873077499728e+00
2.737896494156928373e-01,5.199442794233590653e-02,2.018128565613062919e-01,1.147495524178588022e+00
2.754590984974958356e-01,5.148676253915394213e-02,2.034032449295349876e-01,1.180911121876430103e+00
2.771285475792988340e-01,5.097596302906182153e-02,2.049926294436722196e-01,1.212946041442327205e+00
2.787979966611018323e-01,5.046194643797626694e-02,2.065809764361318801e-01,1.243659450300824032e+00
2.804674457429048307e-01,4.994463347280559545e-02,2.081682528682924360e-01,1.273108299804529331e+00
2.821368948247078290e-01,4.942394836905511513e-02,2.097544262987508790e-01,1.301347335876896105e+00
2.838063439065108828e-01,4.889981874164042730e-02,2.113394648522264330e-01,1.328429122356080683e+00
2.854757929883138812e-01,4.837217544289775656e-02,2.129233371912171713e-01,1.354404076246542576e+00
2.871452420701168795e-01,4.784095242534939368e-02,2.145060124889053566e-01,1.379320511505236269e+00
2.888146911519198778e-01,4.730608661117961800e-02,2.160874604045452674e-01,1.403224690378728434e+00
2.904841402337228762e-01,4.676751776542115852e-02,2.176676510591949165e-01,1.426160879310090612e+00
2.921535893155258745e-01,4.622518837589802143e-02,2.192465550139225394e-01,1.448171409506434193e+00
2.938230383973288729e-01,4.567904353866131945e-02,2.208241432498466161e-01,1.469296740506654597e+00
2.954924874791318712e-01,4.512903084573335194e-02,2.224003871470205673e-01,1.489575524287733321e+00
2.971619365609349250e-01,4.457510028154813148e-02,2.239752584679852443e-01,1.509044672272685572e+00
2.988313856427379234e-01,4.401720412128781040e-02,2.255487293400067206e-01,1.527739421360031269e+00
3.005008347245409217e-01,4.345529683432559909e-02,2.271207722387768857e-01,1.545693400032122966e+00
3.021702838063439200e-01,4.288933499244400316e-02,2.286913599735674596e-01,1.562938694040615362e+00
3.038397328881469184e-01,4.231927718261636190e-02,2.302604656740517564e-01,1.579505911340288060e+00
3.055091819699499167e-01,4.174508392173947174e-02,2.318280627750701484e-01,1.595424244556514992e+00
3.071786310517529150e-01,4.116671757825716982e-02,2.333941250066633166e-01,1.610721533690734564e+00
3.088480801335559134e-01,4.058414229441988097e-02,2.349586263802702080e-01,1.625424325344854148e+00
3.105175292153589672e-01,3.999732391409702159e-02,2.365215411788217370e-01,1.639557931332767282e+00
3.121869782971619656e-01,3.940622991315192308e-02,2.380828439463255342e-01,1.653146484910894998e+00
3.138564273789649639e-01,3.881082933309386307e-02,2.396425094782272114e-01,1.666212995078742987e+00
3.155258764607679622e-01,3.821109271744971975e-02,2.412005128111540941e-01,1.678779398524285593e+00
3.171953255425709606e-01,3.760699205212899437e-02,2.427568292166957797e-01,1.690866610547284044e+00
3.188647746243739589e-01,3.699850070696119458e-02,2.443114341902974662e-01,1.702494572411842544e+00
3.205342237061769572e-01,3.638559338147025202e-02,2.458643034465324284e-01,1.713682298337195320e+00
3.222036727879799556e-01,3.576824605197494872e-02,2.474154129098998511e-01,1.724447919171368859e+00
3.238731218697829539e-01,3.514643592173809228e-02,2.489647387087525476e-01,1.734808724862410667e+00
3.255425709515860078e-01,3.452014137322498288e-02,2.505122571690475142e-01,1.744781204874835234e+00
3.272120200333890061e-01,3.388934192251542854e-02,2.520579448083258844e-01,1.754381086733916240e+00
3.288814691151920044e-01,3.325401817585951769e-02,2.536017783291086292e-01,1.763623372605226169e+00
3.305509181969950028e-01,3.261415178813608512e-02,2.551437346152778951e-01,1.772522374710763016e+00
3.322203672787980011e-01,3.196972542324175159e-02,2.566837907256782070e-01,1.781091748434849187e+00
3.338898163606009994e-01,3.132072271625985227e-02,2.582219238897855429e-01,1.789344524215040089e+00
3.355592654424039978e-01,3.066712823744691119e-02,2.597581115025857645e-01,1.797293137698134480e+00
3.372287145242069961e-01,3.000892745748026322e-02,2.612923311218023903e-01,1.804949458802008300e+00
3.388981636060100500e-01,2.934610671471245269e-02,2.628245604625349396e-01,1.812324818860996167e+00
3.405676126878130483e-01,2.867865318365554750e-02,2.643547773937987011e-01,1.819430036736807921e+00
3.422370617696160466e-01,2.800655484483039609e-02,2.658829599351942297e-01,1.826275443621226291e+00
3.439065108514190450e-01,2.732980045606384079e-02,2.674090862533159418e-01,1.832870906538522471e+00
3.455759599332220433e-01,2.664837952517831732e-02,2.689331346580979276e-01,1.839225850649661265e+00
3.472454090150250416e-01,2.596228228327464305e-02,2.704550836010895520e-01,1.845349280699108752e+00
3.489148580968280400e-01,2.527149965980503982e-02,2.719749116718779836e-01,1.851249801096381820e+00
3.505843071786310383e-01,2.457602325913344626e-02,2.734925975940187826e-01,1.856935634922160627e+00
3.522537562604340922e-01,2.387584533632149467e-02,2.750081202254924806e-01,1.862414642567288947e+00
3.539232053422370905e-01,2.317095877626791992e-02,2.765214585535241132e-01,1.867694338673489440e+00
3.555926544240400888e-01,2.246135707231924905e-02,2.780325916932119834e-01,1.872781908713294197e+00
3.572621035058430872e-01,2.174703430571613139e-02,2.795414988861957273e-01,1.877684224719732509e+00
3.589315525876460855e-01,2.102798512660795580e-02,2.810481594979285513e-01,1.882407860043622261e+00
3.606010016694490838e-01,2.030420473573179771e-02,2.825525530154869847e-01,1.886959103430124296e+00
3.622704507512520822e-01,1.957568886648766368e-02,2.840546590462138532e-01,1.891343972477382174e+00
3.639398998330550805e-01,1.884243376797769751e-02,2.855544573159993771e-01,1.895568226369648279e+00
3.656093489148581344e-01,1.810443618906076857e-02,2.870519276671431030e-01,1.899637377921109094e+00
3.672787979966611327e-01,1.736169336248503253e-02,2.885470500573655284e-01,1.903556705138214511e+00
3.689482470784641310e-01,1.661420298962447764e-02,2.900398045588888918e-01,1.907331262203936451e+00
3.706176961602671294e-01,1.586196322662069766e-02,2.915301713562891139e-01,1.910965889780437355e+00
3.722871452420701277e-01,1.510497267136493536e-02,2.930181307441379612e-01,1.914465224777240904e+00
3.739565943238731260e-01,1.434323034799801257e-02,2.945036631294331575e-01,1.917833710119080104e+00
3.756260434056761244e-01,1.357673569744087538e-02,2.959867490255280176e-01,1.921075603165359302e+00
3.772954924874791227e-01,1.280548856214596722e-02,2.974673690558359840e-01,1.924194984690834831e+00
3.789649415692821210e-01,1.202948917643353183e-02,2.989455039497835864e-01,1.927195766651742304e+00
3.806343906510851749e-01,1.124873815503381336e-02,3.004211345423103419e-01,1.930081699916763815e+00
3.823038397328881732e-01,1.046323648160935732e-02,3.018942417740292927e-01,1.932856381680006397e+00
3.839732888146911716e-01,9.672985498499287252e-03,3.033648066902489560e-01,1.935523262400368649e+00
3.856427378964941699e-01,8.877986897408797484e-03,3.048328104393188687e-01,1.938085652336405618e+00
3.873121869782971682e-01,8.078242709470963984e-03,3.062982342724557272e-01,1.940546727901673929e+00
3.889816360601001666e-01,7.273755296001310940e-03,3.077610595431379270e-01,1.942909537670344466e+00
3.906510851419031649e-01,6.464527339638714148e-03,3.092212677064942183e-01,1.945177008090956505e+00
3.923205342237061632e-01,5.650561835903459423e-03,3.106788403186232506e-01,1.947351948917225739e+00
3.939899833055092171e-01,4.831862085358610941e-03,3.121337590355917624e-01,1.949437058345820262e+00
3.956594323873122154e-01,4.008431685003061018e-03,3.135860056138742302e-01,1.951434928042033112e+00
3.973288814691152138e-01,3.180274520600171340e-03,3.150355619099564075e-01,1.953348047849816194e+00
3.989983305509182121e-01,2.347394759946922708e-03,3.164824098791351736e-01,1.955178810200586925e+00
4.006677796327212104e-01,1.509796846686824482e-03,3.179265315740387177e-01,1.956929514279482696e+00
4.023372287145242088e-01,6.674854902223896968e-04,3.193679091484063481e-01,1.958602370497723788e+00
4.040066777963272071e-01,-1.795343362091273711e-04,3.208065248509044398e-01,1.960199503808807586e+00
4.056761268781302054e-01,-1.031257406837919957e-03,3.222423610310505837e-01,1.961722958017368290e+00
4.073455759599332593e-01,-1.887678244454997533e-03,3.236754001326864749e-01,1.963174698696539267e+00
4.090150250417362576e-01,-2.748791131524879958e-03,3.251056247001744004e-01,1.964556617195969634e+00
4.106844741235392560e-01,-3.614590111156145476e-03,3.265330173723446916e-01,1.965870533273462950e+00
4.123539232053422543e-01,-4.485068995146700328e-03,3.279575608854257140e-01,1.967118198472852297e+00
4.140233722871452526e-01,-5.360221370080505386e-03,3.293792380737832759e-01,1.968301299152909634e+00
4.156928213689482510e-01,-6.240040600146875421e-03,3.307980318669451192e-01,1.969421458986974072e+00
4.173622704507512493e-01,-7.124519833343233126e-03,3.322139252909559470e-01,1.970480241783290731e+00
4.190317195325542476e-01,-8.013652006391057403e-03,3.336269014683782008e-01,1.971479154045914894e+00
4.207011686143573015e-01,-8.907429849317910833e-03,3.350369436180958838e-01,1.972419647398024667e+00
4.223706176961602998e-01,-9.805845889916829997e-03,3.364440350551686221e-01,1.973303120898773910e+00
4.240400667779632982e-01,-1.070889245808957432e-02,3.378481591907326886e-01,1.974130923258937242e+00
4.257095158597662965e-01,-1.161656169007797487e-02,3.392492995319483229e-01,1.974904354960475006e+00
4.273789649415692948e-01,-1.252884553259155272e-02,3.406474396819896833e-01,1.975624670285126339e+00
4.290484140233722932e-01,-1.344573574683306620e-02,3.420425633400758780e-01,1.976293079257207319e+00
4.307178631051752915e-01,-1.436722391243005874e-02,3.434346543015424635e-01,1.976910749506150200e+00
4.323873121869782898e-01,-1.529330143127383135e-02,3.448236964579503017e-01,1.977478808054996096e+00
4.340567612687812882e-01,-1.622395953126316154e-02,3.462096737972200633e-01,1.977998343040793472e+00
4.357262103505843420e-01,-1.715918926869210853e-02,3.475925704023208884e-01,1.978470405107743080e+00
4.373956594323873404e-01,-1.809898153284108385e-02,3.489723704526570547e-01,1.978896009150335589e+00
4.390651085141903387e-01,-1.904332705031828998e-02,3.503490582252750674e-01,1.979276136049483492e+00
4.407345575959933370e-01,-1.999221638609139165e-02,3.517226180923379020e-01,1.979611733615455949e+00
4.424040066777963354e-01,-2.094563994693752346e-02,3.530930345215299582e-01,1.979903717907276706e+00
4.440734557595993337e-01,-2.190358798774730276e-02,3.544602920798704537e-01,1.980152975514370084e+00
4.457429048414023320e-01,-2.286605060865259942e-02,3.558243754269839187e-01,1.980360362955365439e+00
4.474123539232053304e-01,-2.383301776500568528e-02,3.571852693233718568e-01,1.980526710322309647e+00
4.490818030050083842e-01,-2.480447926291808394e-02,3.585429586220328924e-01,1.980652819427760170e+00
4.507512520868113826e-01,-2.578042476941444852e-02,3.598974282771124078e-01,1.980739468671377512e+00
4.524207011686143809e-01,-2.676084380784404457e-02,3.612486633355494470e-01,1.980787409032664259e+00
4.540901502504173792e-01,-2.774572576703742549e-02,3.625966489447327024e-01,1.980797373229232994e+00
4.557595993322203776e-01,-2.873505989967945623e-02,3.639413703477369921e-01,1.980770061390959791e+00
4.574290484140233759e-01,-2.972883532522043598e-02,3.652828128838886967e-01,1.980706164886316012e+00
4.590984974958263742e-01,-3.072704103530150138e-02,3.666209619923216367e-01,1.980606345081485919e+00
4.607679465776293726e-01,-3.172966589316199987e-02,3.679558032086184260e-01,1.980471246601522406e+00
4.624373956594324264e-01,-3.273669863639069866e-02,3.692873221653906191e-01,1.980301494950333474e+00
4.641068447412354248e-01,-3.374812788007456460e-02,3.706155045933851033e-01,1.980097697051593109e+00
4.657762938230384231e-01,-3.476394211918133054e-02,3.719403363217596015e-01,1.979860442139223631e+00
4.674457429048414214e-01,-3.578412973059543617e-02,3.732618032780121720e-01,1.979590302570679361e+00
4.691151919866444198e-01,-3.680867897448867471e-02,3.745798914871842356e-01,1.979287834650617084e+00
4.707846410684474181e-01,-3.783757799707018754e-02,3.758945870727225524e-01,1.978953579107516569e+00
4.724540901502504164e-01,-3.887081483265698856e-02,3.772058762565989043e-01,1.978588061734426473e+00
4.741235392320534148e-01,-3.990837740568722869e-02,3.785137453594084045e-01,1.978191793998234527e+00
4.757929883138564686e-01,-4.095025353270510121e-02,3.798181808004791327e-01,1.977765273618041553e+00
4.774624373956594670e-01,-4.199643092431840086e-02,3.811191690979918167e-01,1.977308985116832618e+00
4.791318864774624653e-01,-4.304689718713007596e-02,3.824166968691101176e-01,1.976823400348951099e+00
4.808013355592654636e-01,-4.410163982564451607e-02,3.837107508301179082e-01,1.976308979005079625e+00
4.824707846410684620e-01,-4.516064624414949796e-02,3.850013177965672662e-01,1.975766169096045743e+00
4.841402337228714603e-01,-4.622390374857469203e-02,3.862883846834326840e-01,1.975195407416522553e+00
4.858096828046744586e-01,-4.729139954790585743e-02,3.875719385047717847e-01,1.974597120020680663e+00
4.874791318864774570e-01,-4.836312075601530841e-02,3.888519663739076759e-01,1.973971722637656523e+00
4.891485809682804553e-01,-4.943905439417584785e-02,3.901284555044620683e-01,1.973319621026802251e+00
4.908180300500835092e-01,-5.051918739245354895e-02,3.914013932100852688e-01,1.972641211401895633e+00
4.924874791318865075e-01,-5.160350659140323232e-02,3.926707669045743643e-01,1.971936880810359449e+00
4.941569282136895058e-01,-5.269199874199286676e-02,3.939365640998830909e-01,1.971207007592706395e+00
4.958263772954925042e-01,-5.378465050958684823e-02,3.951987724090302856e-01,1.970451961582989187e+00
4.974958263772955025e-01,-5.488144847593553338e-02,3.964573795466607709e-01,1.969672104435681081e+00
4.991652754590985008e-01,-5.598237913806408672e-02,3.977123733258716154e-01,1.968867790086987313e+00
5.008347245409014992e-01,-5.708742891085465815e-02,3.989637416595055441e-01,1.968039364995250784e+00
5.025041736227044975e-01,-5.819658413172690975e-02,4.002114725640517623e-01,1.967187168294329824e+00
5.041736227045074958e-01,-5.930983105598005428e-02,4.014555541521870885e-01,1.966311532356868064e+00
5.058430717863104942e-01,-6.042715586462571453e-02,4.026959746405585072e-01,1.965412782778176215e+00
5.075125208681134925e-01,-6.154854466194095014e-02,4.039327223450498439e-01,1.964491238809792595e+00
5.091819699499164908e-01,-6.267398347753344590e-02,4.051657856815564229e-01,1.963547213574098338e+00
5.108514190317196002e-01,-6.380345826988491342e-02,4.063951531686270657e-01,1.962581014224614506e+00
5.125208681135225985e-01,-6.493695492423613713e-02,4.076208134231262270e-01,1.961592942303343801e+00
5.141903171953255969e-01,-6.607445925770522033e-02,4.088427551648630143e-01,1.960583293824938789e+00
5.158597662771285952e-01,-6.721595701812566048e-02,4.100609672134522543e-01,1.959552359575906566e+00
5.175292153589315935e-01,-6.836143388549871525e-02,4.112754384884179659e-01,1.958500425307682535e+00
5.191986644407345919e-01,-6.951087547661220778e-02,4.124861580133042938e-01,1.957427771827995544e+00
5.208681135225375902e-01,-7.066426734029129797e-02,4.136931149080219083e-01,1.956334675370330789e+00
5.225375626043405886e-01,-7.182159496576326352e-02,4.148962983977153574e-01,1.955221407558687563e+00
5.242070116861435869e-01,-7.298284377887100105e-02,4.160956978063270473e-01,1.954088235727286849e+00
5.258764607679465852e-01,-7.414799914400527214e-02,4.172913025573593004e-01,1.952935423058007824e+00
5.275459098497495836e-01,-7.531704636890412807e-02,4.184831021783480542e-01,1.951763228642632964e+00
5.292153589315525819e-01,-7.648997070229693329e-02,4.196710862962146904e-01,1.950571907728015253e+00
5.308848080133555802e-01,-7.766675733549574523e-02,4.208552446376377931e-01,1.949361711845106093e+00
5.325542570951585786e-01,-7.884739140495340692e-02,4.220355670307000540e-01,1.948132888911262572e+00
5.342237061769615769e-01,-8.003185799439045678e-02,4.232120434060206993e-01,1.946885683341384565e+00
5.358931552587645752e-01,-8.122014213346019640e-02,4.243846637933879617e-01,1.945620336231160374e+00
5.375626043405675736e-01,-8.241222880001124185e-02,4.255534183230552658e-01,1.944337085449477476e+00
5.392320534223706829e-01,-8.360810292159973067e-02,4.267182972260866736e-01,1.943036165744707722e+00
5.409015025041736813e-01,-8.480774937664581348e-02,4.278792908342499701e-01,1.941717808853914651e+00
5.425709515859766796e-01,-8.601115299574611794e-02,4.290363895801231897e-01,1.940382243603882007e+00
5.442404006677796779e-01,-8.721829856273739801e-02,4.301895839968812307e-01,1.939029696012402715e+00
5.459098497495826763e-01,-8.842917081531398438e-02,4.313388647174861146e-01,1.937660389392875437e+00
5.475792988313856746e-01,-8.964375444661495940e-02,4.324842224751778152e-01,1.936274544435407918e+00
5.492487479131886730e-01,-9.086203410636417566e-02,4.336256481033778920e-01,1.934872379292853273e+00
5.509181969949916713e-01,-9.208399440198428154e-02,4.347631325355673648e-01,1.933454109663152787e+00
5.525876460767946696e-01,-9.330961989970627812e-02,4.358966668051637572e-01,1.932019948867829129e+00
5.542570951585976680e-01,-9.453889512567024977e-02,4.370262420453931429e-01,1.930570107926796286e+00
5.559265442404006663e-01,-9.577180456702089062e-02,4.381518494891611937e-01,1.929104795629646096e+00
5.575959933222036646e-01,-9.700833267299530105e-02,4.392734804689207295e-01,1.927624218603553929e+00
5.592654424040066630e-01,-9.824846385600380372e-02,4.403911264165360495e-01,1.926128581377956950e+00
5.609348914858096613e-01,-9.949218249270515291e-02,4.415047788631442649e-01,1.924618086446131304e+00
5.626043405676126596e-01,-1.007394729250739585e-01,4.426144294390149669e-01,1.923092934323802350e+00
5.642737896494156580e-01,-1.019903194614610320e-01,4.437200698734052873e-01,1.921553323604915153e+00
5.659432387312187673e-01,-1.032447063776075341e-01,4.448216919943553394e-01,1.919999451015257153e+00
5.676126878130217657e-01,-1.045026179172546393e-01,4.459192877279131162e-01,1.918431511468962292e+00
5.692821368948247640e-01,-1.057640382938158374e-01,4.470128490988710679e-01,1.916849698107124134e+00
5.709515859766277623e-01,-1.070289516913324329e-01,4.481023682305034783e-01,1.915254202344636392e+00
5.726210350584307607e-01,-1.082973422653940726e-01,4.491878373442569350e-01,1.913645213914956011e+00
5.742904841402337590e-01,-1.095691941441588463e-01,4.502692487595888471e-01,1.912022920911136792e+00
5.759599332220367573e-01,-1.108444914292076172e-01,4.513465948935697636e-01,1.910387509826792618e+00
5.776293823038397557e-01,-1.121232181953336488e-01,4.524198682589186116e-01,1.908739165608134947e+00
5.792988313856427540e-01,-1.134053584937232684e-01,4.534890614670099018e-01,1.907078071660491814e+00
5.809682804674457524e-01,-1.146908963524181230e-01,4.545541672269427513e-01,1.905404409888838302e+00
5.826377295492487507e-01,-1.159798157768140020e-01,4.556151783446505399e-01,1.903718360735315862e+00
5.843071786310517490e-01,-1.172721007485999639e-01,4.566720877196463468e-01,1.902020103232751724e+00
5.859766277128547474e-01,-1.185677352301979237e-01,4.577248883499979160e-01,1.900309814990405188e+00
5.876460767946577457e-01,-1.198667031650864495e-01,4.587735733312237607e-01,1.898587672229069323e+00
5.893155258764607440e-01,-1.211689884757988916e-01,4.598181358516068573e-01,1.896853849839989392e+00
5.909849749582637424e-01,-1.224745750670153954e-01,4.608585691952022390e-01,1.895108521382717903e+00
5.926544240400667407e-01,-1.237834468285292366e-01,4.618948667447685397e-01,1.893351859085312894e+00
5.943238731218698501e-01,-1.250955876308448567e-01,4.629270219733547242e-01,1.891584033924318620e+00
5.959933222036728484e-01,-1.264109813305486218e-01,4.639550284508996980e-01,1.889805215594666965e+00
5.976627712854758467e-01,-1.277296117711004264e-01,4.649788798438749815e-01,1.888015572530580499e+00
5.993322203672788451e-01,-1.290514627786600033e-01,4.659985699070765541e-01,1.886215271976121377e+00
6.010016694490818434e-01,-1.303765181710062893e-01,4.670140924959782502e-01,1.884404479917192399e+00
6.026711185308848417e-01,-1.317047617501674039e-01,4.680254415534730872e-01,1.882583361182689208e+00
6.043405676126878401e-01,-1.330361773097874512e-01,4.690326111198788728e-01,1.880752079391819986e+00
6.060100166944908384e-01,-1.343707486320188105e-01,4.700355953263680164e-01,1.878910797008168654e+00
6.076794657762938368e-01,-1.357084594896055263e-01,4.710343883966254808e-01,1.877059675339440181e+00
6.093489148580968351e-01,-1.370492936475627421e-01,4.720289846479338025e-01,1.875198874541320171e+00
6.110183639398998334e-01,-1.383932348619193731e-01,4.730193784874692220e-01,1.873328553648495154e+00
6.126878130217028318e-01,-1.397402668828447159e-01,4.740055644157594172e-01,1.871448870562829159e+00
6.143572621035058301e-01,-1.410903734538578036e-01,4.749875370237445771e-01,1.869559982078164984e+00
6.160267111853088284e-01,-1.424435383124932064e-01,4.759652909922075792e-01,1.867662043890205181e+00
6.176961602671118268e-01,-1.437997451936663673e-01,4.769388210957504759e-01,1.865755210581331758e+00
6.193656093489148251e-01,-1.451589778251907714e-01,4.779081221936174462e-01,1.863839635675948569e+00
6.210350584307179345e-01,-1.465212199360589884e-01,4.788731892420091119e-01,1.861915471580169568e+00
6.227045075125209328e-01,-1.478864552487235140e-01,4.798340172793627567e-01,1.859982869663881599e+00
6.243739565943239311e-01,-1.492546674870661727e-01,4.807906014382577475e-01,1.858041980203038568e+00
6.260434056761269295e-01,-1.506258403735073192e-01,4.817429369388712690e-01,1.856092952417408570e+00
6.277128547579299278e-01,-1.519999576284428999e-01,4.826910190862981342e-01,1.854135934486294657e+00
6.293823038397329261e-01,-1.533770029763428522e-01,4.836348432795396501e-01,1.852171073507940413e+00
6.310517529215359245e-01,-1.547569601406842132e-01,4.845744050010344361e-01,1.850198515552735845e+00
6.327212020033389228e-01,-1.561398128464425439e-01,4.855096998193240698e-01,1.848218405651733898e+00
6.343906510851419212e-01,-1.575255448240655276e-01,4.864407233945097220e-01,1.846230887773813834e+00
6.360601001669449195e-01,-1.589141398057176413e-01,4.873674714699514632e-01,1.844236104865371040e+00
6.377295492487479178e-01,-1.603055815270341689e-01,4.882899398737136631e-01,1.842234198844206805e+00
6.393989983305509162e-01,-1.616998537296759908e-01,4.892081245215600949e-01,1.840225310587386920e+00
6.410684474123539145e-01,-1.630969401616111092e-01,4.901220214158957256e-01,1.838209579937138960e+00
6.427378964941569128e-01,-1.644968245753260228e-01,4.910316266408458752e-01,1.836187145722019132e+00
6.444073455759599112e-01,-1.658994907302884514e-01,4.919369363651217575e-01,1.834158145744637869e+00
6.460767946577629095e-01,-1.673049223940322461e-01,4.928379468424352594e-01,1.832122716780223870e+00
6.477462437395659078e-01,-1.687131033430597782e-01,4.937346544116115732e-01,1.830080994576469111e+00
6.494156928213690172e-01,-1.701240173614311235e-01,4.946270554923142271e-01,1.828033113870202397e+00
6.510851419031720155e-01,-1.715376482426226035e-01,4.955151465869134797e-01,1.825979208379273633e+00
6.527545909849750139e-01,-1.729539797902177878e-01,4.963989242802022694e-01,1.823919410803140240e+00
6.544240400667780122e-01,-1.743729958185246953e-01,4.972783852389834891e-01,1.821853852823839270e+00
6.560934891485810105e-01,-1.757946801536585946e-01,4.981535262125849628e-01,1.819782665103507391e+00
6.577629382303840089e-01,-1.772190166331570338e-01,4.990243440305242584e-01,1.817705977292187747e+00
6.594323873121870072e-01,-1.786459891067394556e-01,4.998908356023853417e-01,1.815623918027196915e+00
6.611018363939900055e-01,-1.800755814371624852e-01,5.007529979179126123e-01,1.813536614931773983e+00
6.627712854757930039e-01,-1.815077775007830352e-01,5.016108280465517710e-01,1.811444194615711600e+00
6.644407345575960022e-01,-1.829425611881152491e-01,5.024643231369884111e-01,1.809346782675918419e+00
6.661101836393990006e-01,-1.843799164043808114e-01,5.033134804166871090e-01,1.807244503696928017e+00
6.677796327212019989e-01,-1.858198270700539279e-01,5.041582971914311262e-01,1.805137481251374520e+00
6.694490818030049972e-01,-1.872622771213982018e-01,5.049987708448587798e-01,1.803025837900422923e+00
6.711185308848079956e-01,-1.887072505109996245e-01,5.058348988380024780e-01,1.800909695194191418e+00
6.727879799666109939e-01,-1.901547312082907670e-01,5.066666787088275337e-01,1.798789173672151742e+00
6.744574290484139922e-01,-1.916047032000701977e-01,5.074941080717680908e-01,1.796664392863529969e+00
6.761268781302171016e-01,-1.930571504910152114e-01,5.083171846172652719e-01,1.794535471287710404e+00
6.777963272120200999e-01,-1.945120571041878965e-01,5.091359061113076567e-01,1.792402526454649259e+00
6.794657762938230983e-01,-1.959694070815353739e-01,5.099502703949665428e-01,1.790265674865314516e+00
6.811352253756260966e-01,-1.974291844843827914e-01,5.107602753839368681e-01,1.788125032012140014e+00
6.828046744574290949e-01,-1.988913733939217665e-01,5.115659190680762469e-01,1.785980712379525936e+00
6.844741235392320933e-01,-2.003559579116903078e-01,5.123671995109441157e-01,1.783832829444367718e+00
6.861435726210350916e-01,-2.018229221600481849e-01,5.131641148493433224e-01,1.781681495676633809e+00
6.878130217028380899e-01,-2.032922502826439992e-01,5.139566632928616041e-01,1.779526822539992059e+00
6.894824707846410883e-01,-2.047639264448793128e-01,5.147448431234141752e-01,1.777368920492493620e+00
6.911519198664440866e-01,-2.062379348343627572e-01,5.155286526947873149e-01,1.775207898987309463e+00
6.928213689482470850e-01,-2.077142596613600345e-01,5.163080904321833975e-01,1.773043866473540398e+00
6.944908180300500833e-01,-2.091928851592367022e-01,5.170831548317681436e-01,1.770876930397085713e+00
6.961602671118530816e-01,-2.106737955848961841e-01,5.178538444602164281e-01,1.768707197201587533e+00
6.978297161936560800e-01,-2.121569752192093705e-01,5.186201579542643048e-01,1.766534772329452663e+00
6.994991652754590783e-01,-2.136424083671130125e-01,5.193820940194779912e-01,1.764359760224812002e+00
7.011686143572620766e-01,-2.151300793580495918e-01,5.201396514298276541e-01,1.762182264334503312e+00
7.028380634390650750e-01,-2.166199725471197046e-01,5.208928290290096852e-01,1.760002387105113364e+00
7.045075125208681843e-01,-2.181120723150485607e-01,5.216416257289695491e-01,1.757820229986868599e+00
7.061769616026711827e-01,-2.196063630685783918e-01,5.223860405094449266e-01,1.755635893435109285e+00
7.078464106844741810e-01,-2.211028292408426243e-01,5.231260724174747745e-01,1.753449476911927318e+00
7.095158597662771793e-01,-2.226014552907150945e-01,5.238617205643535391e-01,1.751261078893450618e+00
7.111853088480801777e-01,-2.241022257045459654e-01,5.245929841285131845e-01,1.749070796863994914e+00
7.128547579298831760e-01,-2.256051249967730987e-01,5.253198623557254754e-01,1.746878727316658608e+00
7.145242070116861743e-01,-2.271101377097518859e-01,5.260423545573371662e-01,1.744684965758221740e+00
7.161936560934891727e-01,-2.286172484133911498e-01,5.267604601079571847e-01,1.742489606715001527e+00
7.178631051752921710e-01,-2.301264417051564204e-01,5.274741784440213355e-01,1.740292743736675751e+00
7.195325542570951693e-01,-2.316377022129583740e-01,5.281835090699462665e-01,1.738094469385000451e+00
7.212020033388981677e-01,-2.331510145940916545e-01,5.288884515541319997e-01,1.735894875243683799e+00
7.228714524207011660e-01,-2.346663635337253306e-01,5.295890055235830118e-01,1.733694051930344315e+00
7.245409015025041644e-01,-2.361837337471599518e-01,5.302851706684962307e-01,1.731492089088801034e+00
7.262103505843071627e-01,-2.377031099813698423e-01,5.309769467451816993e-01,1.729289075385527008e+00
7.278797996661101610e-01,-2.392244770127807951e-01,5.316643335688086003e-01,1.727085098525438234e+00
7.295492487479131594e-01,-2.407478196471180276e-01,5.323473310115478530e-01,1.724880245256822153e+00
7.312186978297162687e-01,-2.422731227237895080e-01,5.330259390133933461e-01,1.722674601353632040e+00
7.328881469115192671e-01,-2.438003711123664929e-01,5.337001575712456702e-01,1.720468251637843560e+00
7.345575959933222654e-01,-2.453295497124924340e-01,5.343699867372202483e-01,1.718261279984200751e+00
7.362270450751252637e-01,-2.468606434588110354e-01,5.350354266313807061e-01,1.716053769300472265e+00
7.378964941569282621e-01,-2.483936373154936317e-01,5.356964774249820538e-01,1.713845801559153337e+00
7.395659432387312604e-01,-2.499285162797568460e-01,5.363531393491804966e-01,1.711637457784761951e+00
7.412353923205342587e-01,-2.514652653833958085e-01,5.370054126984273868e-01,1.709428818051357268e+00
7.429048414023372571e-01,-2.530038696875017146e-01,5.376532978137146257e-01,1.707219961512760120e+00
7.445742904841402554e-01,-2.545443142902465983e-01,5.382967951043201582e-01,1.705010966370062331e+00
7.462437395659432537e-01,-2.560865843204149783e-01,5.389359050274729057e-01,1.702801909907513789e+00
7.479131886477462521e-01,-2.576306649416261751e-01,5.395706280997121240e-01,1.700592868477356800e+00
7.495826377295492504e-01,-2.591765413521800454e-01,5.402009648953989274e-01,1.698383917505772445e+00
7.512520868113522488e-01,-2.607241987821015683e-01,5.408269160364034267e-01,1.696175131511641343e+00
7.529215358931552471e-01,-2.622736224992728293e-01,5.414484822099526751e-01,1.693966584083326010e+00
7.545909849749582454e-01,-2.638247978020852869e-01,5.420656641445781299e-01,1.691758347917705629e+00
7.562604340567612438e-01,-2.653777100281255463e-01,5.426784626363099218e-01,1.689550494785661883e+00
7.579298831385642421e-01,-2.669323445454746535e-01,5.432868785199563844e-01,1.687343095576980367e+00
7.595993322203673515e-01,-2.684886867619919459e-01,5.438909126977338193e-01,1.685136220263724116e+00
7.612687813021703498e-01,-2.700467221163918019e-01,5.444905661093404348e-01,1.682929937945717880e+00
7.629382303839733481e-01,-2.716064360875165562e-01,5.450858397611256789e-01,1.680724316814622865e+00
7.646076794657763465e-01,-2.731678141856033193e-01,5.456767346962752008e-01,1.678519424198137155e+00
7.662771285475793448e-01,-2.747308419610146046e-01,5.462632520227677091e-01,1.676315326527091143e+00
7.679465776293823431e-01,-2.762955049966541732e-01,5.468453928869090319e-01,1.674112089374221846e+00
7.696160267111853415e-01,-2.778617889144657793e-01,5.474231584942704787e-01,1.671909777431510147e+00
7.712854757929883398e-01,-2.794296793715712601e-01,5.479965500955508162e-01,1.669708454532597530e+00
7.729549248747913381e-01,-2.809991620612268259e-01,5.485655689887358744e-01,1.667508183654276666e+00
7.746243739565943365e-01,-2.825702227158989888e-01,5.491302165289908555e-01,1.665309026909242096e+00
7.762938230383973348e-01,-2.841428471014686430e-01,5.496904941071472095e-01,1.663111045576325608e+00
7.779632721202003331e-01,-2.857170210247812481e-01,5.502464031756466589e-01,1.660914300074587180e+00
7.796327212020033315e-01,-2.872927303271749500e-01,5.507979452243889629e-01,1.658718849996256406e+00
7.813021702838063298e-01,-2.888699608878025349e-01,5.513451217916562896e-01,1.656524754098680052e+00
7.829716193656093282e-01,-2.904486986255165326e-01,5.518879344703226941e-01,1.654332070302625191e+00
7.846410684474123265e-01,-2.920289294937147839e-01,5.524263848877319916e-01,1.652140855719262280e+00
7.863105175292154359e-01,-2.936106394857087021e-01,5.529604747248069163e-01,1.649951166634240129e+00
7.879799666110184342e-01,-2.951938146330087553e-01,5.534902057088877392e-01,1.647763058520746116e+00
7.896494156928214325e-01,-2.967784410030737119e-01,5.540155796040621139e-01,1.645576586054463331e+00
7.913188647746244309e-01,-2.983645047035060616e-01,5.545365982265002547e-01,1.643391803102868032e+00
7.929883138564274292e-01,-2.999519918803029706e-01,5.550532634369708118e-01,1.641208762738359361e+00
7.946577629382304275e-01,-3.015408887161159512e-01,5.555655771329666148e-01,1.639027517251102184e+00
7.963272120200334259e-01,-3.031311814330793775e-01,5.560735412590772642e-01,1.636848118144029307e+00
7.979966611018364242e-01,-3.047228562932531859e-01,5.565771578082008286e-01,1.634670616137393617e+00
7.996661101836394225e-01,-3.063158995954707864e-01,5.570764288078273729e-01,1.632495061187043239e+00
8.013355592654424209e-01,-3.079102976774235056e-01,5.575713563276387674e-01,1.630321502482479312e+00
8.030050083472454192e-01,-3.095060369172005221e-01,5.580619424853171529e-01,1.628149988447266328e+00
8.046744574290484175e-01,-3.111031037313513048e-01,5.585481894377325451e-01,1.625980566752612599e+00
8.063439065108514159e-01,-3.127014845746360350e-01,5.590300993789900641e-01,1.623813284324426842e+00
8.080133555926544142e-01,-3.143011659410718805e-01,5.595076745441015520e-01,1.621648187345589021e+00
8.096828046744574126e-01,-3.159021343648229507e-01,5.599809172122706125e-01,1.619485321258926191e+00
8.113522537562604109e-01,-3.175043764193473117e-01,5.604498297025413134e-01,1.617324730776646735e+00
8.130217028380634092e-01,-3.191078787166080066e-01,5.609144143694977380e-01,1.615166459889414652e+00
8.146911519198665186e-01,-3.207126279080740883e-01,5.613746736069961107e-01,1.613010551868903519e+00
8.163606010016695169e-01,-3.223186106847760191e-01,5.618306098477712229e-01,1.610857049273853425e+00
8.180300500834725153e-01,-3.239258137779619240e-01,5.622822255659082336e-01,1.608705993954008484e+00
8.196994991652755136e-01,-3.255342239582943442e-01,5.627295232725305629e-01,1.606557427059255971e+00
8.213689482470785119e-01,-3.271438280356138151e-01,5.631725055139868985e-01,1.604411389046674241e+00
8.230383973288815103e-01,-3.287546128595130179e-01,5.636111748739189853e-01,1.602267919684739805e+00
8.247078464106845086e-01,-3.303665653193740281e-01,5.640455339728716044e-01,1.600127058059440666e+00
8.263772954924875069e-01,-3.319796723444065067e-01,5.644755854679052165e-01,1.597988842580398527e+00
8.280467445742905053e-01,-3.335939209037664388e-01,5.649013320526518056e-01,1.595853310986697915e+00
8.297161936560935036e-01,-3.352092980067656325e-01,5.653227764578798720e-01,1.593720500352423741e+00
8.313856427378965019e-01,-3.368257907022329523e-01,5.657399214477160099e-01,1.591590447095052818e+00
8.330550918196995003e-01,-3.384433860788982340e-01,5.661527698210389037e-01,1.589463186980346832e+00
8.347245409015024986e-01,-3.400620712654687239e-01,5.665613244113724134e-01,1.587338755128299139e+00
8.363939899833054969e-01,-3.416818334306503391e-01,5.669655880865174247e-01,1.585217186019261426e+00
8.380634390651084953e-01,-3.433026597831653204e-01,5.673655637481861413e-01,1.583098513500069027e+00
8.397328881469114936e-01,-3.449245375717693851e-01,5.677612543316405969e-01,1.580982770790152703e+00
8.414023372287146030e-01,-3.465474540852648833e-01,5.681526628053341632e-01,1.578869990487654418e+00
8.430717863105176013e-01,-3.481713966525120107e-01,5.685397921705543922e-01,1.576760204575531565e+00
8.447412353923205997e-01,-3.497963526424395786e-01,5.689226454610736283e-01,1.574653444427646765e+00
8.464106844741235980e-01,-3.514223094640505085e-01,5.693012257427988443e-01,1.572549740814858543e+00
8.480801335559265963e-01,-3.530492545664264958e-01,5.696755361134250295e-01,1.570449123911096256e+00
8.497495826377295947e-01,-3.546771754387325615e-01,5.700455797020967941e-01,1.568351623299419906e+00
8.514190317195325930e-01,-3.563060596102151090e-01,5.704113596690675303e-01,1.566257267978071077e+00
8.530884808013355913e-01,-3.579358946502024241e-01,5.707728792053669009e-01,1.564166086366509889e+00
8.547579298831385897e-01,-3.595666681680990684e-01,5.711301415324696595e-01,1.562078106311437287e+00
8.564273789649415880e-01,-3.611983678133819375e-01,5.714831499019688010e-01,1.559993355092796463e+00
8.580968280467445863e-01,-3.628309812755913799e-01,5.718319075952534858e-01,1.557911859429764068e+00
8.597662771285475847e-01,-3.644644962843213154e-01,5.721764179231904057e-01,1.555833645486719430e+00
8.614357262103505830e-01,-3.660989006092087439e-01,5.725166842258098132e-01,1.553758738879195578e+00
8.631051752921535813e-01,-3.677341820599183686e-01,5.728527098719955468e-01,1.551687164679812270e+00
8.647746243739565797e-01,-3.693703284861290514e-01,5.731844982591799420e-01,1.549618947424185045e+00
8.664440734557595780e-01,-3.710073277775148282e-01,5.735120528130438489e-01,1.547554111116814957e+00
8.681135225375625764e-01,-3.726451678637268117e-01,5.738353769872210908e-01,1.545492679236956990e+00
8.697829716193656857e-01,-3.742838367143717093e-01,5.741544742630073639e-01,1.543434674744464496e+00
8.714524207011686840e-01,-3.759233223389888967e-01,5.744693481490769082e-01,1.541380120085607652e+00
8.731218697829716824e-01,-3.775636127870264924e-01,5.747800021812027316e-01,1.539329037198869266e+00
8.747913188647746807e-01,-3.792046961478147682e-01,5.750864399219832723e-01,1.537281447520717492e+00
8.764607679465776791e-01,-3.808465605505386153e-01,5.753886649605761683e-01,1.535237371991345912e+00
8.781302170283806774e-01,-3.824891941642079018e-01,5.756866809124385753e-01,1.533196831060392951e+00
8.797996661101836757e-01,-3.841325851973728667e-01,5.759804914170897350e-01,1.531159844693326111e+00
8.814691151919866741e-01,-3.857767218982492419e-01,5.762701001389475275e-01,1.529126432376653355e+00
8.831385642737896724e-01,-3.874215925550244521e-01,5.765555107697951653e-01,1.527096613122616020e+00
8.848080133555926707e-01,-3.890671854955722875e-01,5.768367270266366864e-01,1.525070405475493551e+00
8.864774624373956691e-01,-3.907134890874150446e-01,5.771137526514685812e-01,1.523047827517175934e+00
8.881469115191986674e-01,-3.923604917376846690e-01,5.773865914110614117e-01,1.521028896872705261e+00
8.898163606010016657e-01,-3.940081818930387669e-01,5.776552470963733921e-01,1.519013630715903229e+00
8.914858096828046641e-01,-3.956565480389407918e-01,5.779197235163252566e-01,1.517002045776622232e+00
8.931552587646076624e-01,-3.973055787007206408e-01,5.781800245069564914e-01,1.514994158343253572e+00
8.948247078464106607e-01,-3.989552624433923556e-01,5.784361539302675936e-01,1.512989984268537258e+00
8.964941569282137701e-01,-4.006055878713607465e-01,5.786881156719279051e-01,1.510989538975600288e+00
8.981636060100167684e-01,-4.022565436283480067e-01,5.789359136408877005e-01,1.508992837463368319e+00
8.998330550918197668e-01,-4.039081183963702526e-01,5.791795517597581044e-01,1.506999894314347443e+00
9.015025041736227651e-01,-4.055603008970557477e-01,5.794190339772319343e-01,1.505010723696372121e+00
9.031719532554257635e-01,-4.072130798917207861e-01,5.796543642695403120e-01,1.503025339367574098e+00
9.048414023372287618e-01,-4.088664441808197991e-01,5.798855466357096811e-01,1.501043754682863440e+00
9.065108514190317601e-01,-4.105203826031175174e-01,5.801125850893841251e-01,1.499065982601008873e+00
9.081803005008347585e-01,-4.121748840358068211e-01,5.803354836597468536e-01,1.497092035689284728e+00
9.098497495826377568e-01,-4.138299373962303629e-01,5.805542464100929001e-01,1.495121926124212797e+00
9.115191986644407551e-01,-4.154855316406582677e-01,5.807688774261166031e-01,1.493155665699534618e+00
9.131886477462437535e-01,-4.171416557627899424e-01,5.809793807995692339e-01,1.491193265834686921e+00
9.148580968280467518e-01,-4.187982987952835190e-01,5.811857606448784797e-01,1.489234737575893863e+00
9.165275459098497501e-01,-4.204554498106042315e-01,5.813880211100717066e-01,1.487280091598999210e+00
9.181969949916527485e-01,-4.221130979193181143e-01,5.815861663582413410e-01,1.485329338218323469e+00
9.198664440734557468e-01,-4.237712322688590438e-01,5.817802005522865194e-01,1.483382487394210747e+00
9.215358931552587451e-01,-4.254298420470932762e-01,5.819701278984674708e-01,1.481439548729356792e+00
9.232053422370617435e-01,-4.270889164802466054e-01,5.821559526231170345e-01,1.479500531478371794e+00
9.248747913188648528e-01,-4.287484448306230211e-01,5.823376789431198297e-01,1.477565444557572327e+00
9.265442404006678512e-01,-4.304084164007975222e-01,5.825153111202618916e-01,1.475634296539893642e+00
9.282136894824708495e-01,-4.320688205316970953e-01,5.826888534386523988e-01,1.473707095663899125e+00
9.298831385642738478e-01,-4.337296465998697337e-01,5.828583101669216893e-01,1.471783849844348069e+00
9.315525876460768462e-01,-4.353908840223048582e-01,5.830236856254983335e-01,1.469864566665795236e+00
9.332220367278798445e-01,-4.370525222534989984e-01,5.831849841479651575e-01,1.467949253393638465e+00
9.348914858096828429e-01,-4.387145507837634240e-01,5.833422100550301748e-01,1.466037916982126932e+00
9.365609348914858412e-01,-4.403769591441595299e-01,5.834953677300421804e-01,1.464130564067857465e+00
9.382303839732888395e-01,-4.420397369010589661e-01,5.836444615375010470e-01,1.462227200985977360e+00
9.398998330550918379e-01,-4.437028736590205025e-01,5.837894958672656953e-01,1.460327833768102490e+00
9.415692821368948362e-01,-4.453663590616009360e-01,5.839304751514104996e-01,1.458432468144860383e+00
9.432387312186978345e-01,-4.470301827866967614e-01,5.840674037857390699e-01,1.456541109559946756e+00
9.449081803005008329e-01,-4.486943345530097771e-01,5.842002862424285903e-01,1.454653763160531854e+00
9.465776293823038312e-01,-4.503588041136588060e-01,5.843291269592890691e-01,1.452770433814831286e+00
9.482470784641068295e-01,-4.520235812604889158e-01,5.844539304176329386e-01,1.450891126107073159e+00
9.499165275459098279e-01,-4.536886558225440846e-01,5.845747011178135111e-01,1.449015844344739845e+00
9.515859766277129372e-01,-4.553540176641652781e-01,5.846914435406739274e-01,1.447144592566382615e+00
9.532554257095159356e-01,-4.570196566894021428e-01,5.848041622402615491e-01,1.445277374536552140e+00
9.549248747913189339e-01,-4.586855628356655834e-01,5.849128617114031092e-01,1.443414193762553088e+00
9.565943238731219322e-01,-4.603517260809036893e-01,5.850175465476076253e-01,1.441555053483813298e+00
9.582637729549249306e-01,-4.620181364358096343e-01,5.851182212673939897e-01,1.439699956691293137e+00
9.599332220367279289e-01,-4.636847839515180758e-01,5.852148904959690867e-01,1.437848906115930303e+00
9.616026711185309273e-01,-4.653516587118343706e-01,5.853075587783982403e-01,1.436001904247714345e+00
9.632721202003339256e-01,-4.670187508406645205e-01,5.853962307698872269e-01,1.434158953324790930e+00
9.649415692821369239e-01,-4.686860504945310479e-01,5.854809110399004091e-01,1.432320055351678389e+00
9.666110183639399223e-01,-4.703535478698361305e-01,5.855616042757835205e-01,1.430485212088830727e+00
9.682804674457429206e-01,-4.720212331953578255e-01,5.856383150669919324e-01,1.428654425070595035e+00
9.699499165275459189e-01,-4.736890967397035523e-01,5.857110481356465614e-01,1.426827695594545586e+00
9.716193656093489173e-01,-4.753571288035302600e-01,5.857798080887325343e-01,1.425005024739672166e+00
9.732888146911519156e-01,-4.770253197271928092e-01,5.858445996810283107e-01,1.423186413355481683e+00
9.749582637729549139e-01,-4.786936598830892065e-01,5.859054275433334125e-01,1.421371862079660486e+00
9.766277128547579123e-01,-4.803621396825472623e-01,5.859622964475510454e-01,1.419561371328711186e+00
9.782971619365609106e-01,-4.820307495699489575e-01,5.860152110748763077e-01,1.417754941312085126e+00
9.799666110183640200e-01,-4.836994800263666461e-01,5.860641761703824226e-01,1.415952572028819745e+00
9.816360601001670183e-01,-4.853683215685387631e-01,5.861091965109748170e-01,1.414154263272694001e+00
9.833055091819700166e-01,-4.870372647466325589e-01,5.861502767818866921e-01,1.412360014639418182e+00
9.849749582637730150e-01,-4.887063001490147274e-01,5.861874218598422948e-01,1.410569825521354126e+00
9.866444073455760133e-01,-4.903754183957160229e-01,5.862206364151342219e-01,1.408783695122208135e+00
9.883138564273790116e-01,-4.920446101445875575e-01,5.862499253251896025e-01,1.407001622449319811e+00
9.899833055091820100e-01,-4.937138660869965223e-01,5.862752933867402261e-01,1.405223606324271790e+00
9.916527545909850083e-01,-4.953831769483107994e-01,5.862967453049071631e-01,1.403449645385033140e+00
9.933222036727880067e-01,-4.970525334912048177e-01,5.863142861013536100e-01,1.401679738083335014e+00
9.949916527545910050e-01,-4.987219265100395482e-01,5.863279204471023576e-01,1.399913882697204182e+00
9.966611018363940033e-01,-5.003913468351109950e-01,5.863376531711579354e-01,1.398152077326666243e+00
9.983305509181970017e-01,-5.020607853318671543e-01,5.863434894893237992e-01,1.396394319898013325e+00
1.000000000000000000e+00,-5.037302328978245924e-01,5.863454336278595136e-01,1.394640608171717755e+00
