id,status,description
RH-W-13-ALPHA-GAUGE,CLOSED,Proved whole-channel alpha scaling is generalized-spectrum invariant congruence
RH-W-13-SIGMA-PARAMETER,CLOSED,Introduced genuine relative channel shift sigma
RH-W-13-QUANTIZATION-MISMATCH,CLOSED,Found and rejected false negative caused by inconsistent M/G quantization
RH-W-13-JUMP-TAIL,CLOSED,Implemented jump-resolved archimedean tail enclosure for odd B-spline correlations
RH-W-13-NEARZERO-BRACKET,CLOSED,Certified 1e-8 < mixed generalized spectral bottom < 5e-8 on selected 10D space
RH-W-13-ISOLATED-SEPARATION,CLOSED,Certified m1 > 4e-4 and m3 > 1e-7
RH-W-13-STABLE-BAND,PARTIAL,Exploratory local scans support a centered low band but no rigorous parameter-neighborhood theorem yet
RH-W-13-TRUE-NEGATIVE-WITNESS,OPEN,No rigorous negative Weil direction found
RH-W-13-FORMAL-BACKEND,OPEN,Certificate not yet replayed in Lean or Coq
